唯一鍵	候選來源	處置	映像	SHA256	來源提交	建置內容雜湊
bpi-6204/bananapi6204/legacy/bookworm/minimal	整併候選	採用	/media/pi/SMCI/bpi/bananapi-release-c8673931c96c/bpi-6204/Armbian-unofficial_26.11.0-trunk_Bananapi6204_bookworm_legacy_6.12.90_minimal.img.xz	f4cb0250e1860f8a93b34f8d57b1220e5fd3dc47d031ecde8d79685b409ad4f1	c8673931c96c23c510dd29a28440e77f0b03286f	6a9a29372b9ef64baaf790b24ccad2f3b4ba6940a6ddfa932ddd8bb08171a633
bpi-6204/bananapi6204/legacy/bookworm/xfce	整併候選	採用	/media/pi/SMCI/bpi/bananapi-release-c8673931c96c/bpi-6204/Armbian-unofficial_26.11.0-trunk_Bananapi6204_bookworm_legacy_6.12.90_xfce_desktop.img.xz	2eab1ad8ecc9b9409454a4a6e624752f132f4020250b0577a52a85f5da795789	c8673931c96c23c510dd29a28440e77f0b03286f	6a9a29372b9ef64baaf790b24ccad2f3b4ba6940a6ddfa932ddd8bb08171a633
bpi-6204/bananapi6204/legacy/jammy/minimal	整併候選	採用	/media/pi/SMCI/bpi/bananapi-release-c8673931c96c/bpi-6204/Armbian-unofficial_26.11.0-trunk_Bananapi6204_jammy_legacy_6.12.90_minimal.img.xz	5ec7330049868465c3c011532e512cd5ec61fce03788e39337f076b2d8f4479d	c8673931c96c23c510dd29a28440e77f0b03286f	6a9a29372b9ef64baaf790b24ccad2f3b4ba6940a6ddfa932ddd8bb08171a633
bpi-6204/bananapi6204/legacy/jammy/xfce	整併候選	採用	/media/pi/SMCI/bpi/bananapi-release-c8673931c96c/bpi-6204/Armbian-unofficial_26.11.0-trunk_Bananapi6204_jammy_legacy_6.12.90_xfce_desktop.img.xz	f272c9e277ddc7b683186da29913f28d0dece5db009ec8f407a993043d4ae957	c8673931c96c23c510dd29a28440e77f0b03286f	6a9a29372b9ef64baaf790b24ccad2f3b4ba6940a6ddfa932ddd8bb08171a633
bpi-6204/bananapi6204/legacy/noble/minimal	整併候選	採用	/media/pi/SMCI/bpi/bananapi-release-c8673931c96c/bpi-6204/Armbian-unofficial_26.11.0-trunk_Bananapi6204_noble_legacy_6.12.90_minimal.img.xz	15eeb90defb35ef5e708c327a1b4953f543c1ede30973fffa0c82c0b9e27bdee	c8673931c96c23c510dd29a28440e77f0b03286f	6a9a29372b9ef64baaf790b24ccad2f3b4ba6940a6ddfa932ddd8bb08171a633
bpi-6204/bananapi6204/legacy/noble/xfce	整併候選	採用	/media/pi/SMCI/bpi/bananapi-release-c8673931c96c/bpi-6204/Armbian-unofficial_26.11.0-trunk_Bananapi6204_noble_legacy_6.12.90_xfce_desktop.img.xz	f25b1f1eef06a4de26ea483d93903033c9cf4826154c5d1c5a9b51626d9f40c6	c8673931c96c23c510dd29a28440e77f0b03286f	6a9a29372b9ef64baaf790b24ccad2f3b4ba6940a6ddfa932ddd8bb08171a633
bpi-6204/bananapi6204/legacy/resolute/minimal	整併候選	採用	/media/pi/SMCI/bpi/bananapi-release-c8673931c96c/bpi-6204/Armbian-unofficial_26.11.0-trunk_Bananapi6204_resolute_legacy_6.12.90_minimal.img.xz	dc7cb01165671233f2cb653200cc61928f7ebca91fa1563b7a550274b9f1bc2d	c8673931c96c23c510dd29a28440e77f0b03286f	6a9a29372b9ef64baaf790b24ccad2f3b4ba6940a6ddfa932ddd8bb08171a633
bpi-6204/bananapi6204/legacy/resolute/xfce	整併候選	採用	/media/pi/SMCI/bpi/bananapi-release-c8673931c96c/bpi-6204/Armbian-unofficial_26.11.0-trunk_Bananapi6204_resolute_legacy_6.12.90_xfce_desktop.img.xz	45f22270956f0a73a031f2a2aa8ca9f21f837bcb24c2d382e5312af295313382	c8673931c96c23c510dd29a28440e77f0b03286f	6a9a29372b9ef64baaf790b24ccad2f3b4ba6940a6ddfa932ddd8bb08171a633
bpi-6204/bananapi6204/legacy/trixie/minimal	整併候選	採用	/media/pi/SMCI/bpi/bananapi-release-c8673931c96c/bpi-6204/Armbian-unofficial_26.11.0-trunk_Bananapi6204_trixie_legacy_6.12.90_minimal.img.xz	5c61da34508cc666b8475d92288565920487ba107b964d8530965b6d6a8c1725	c8673931c96c23c510dd29a28440e77f0b03286f	6a9a29372b9ef64baaf790b24ccad2f3b4ba6940a6ddfa932ddd8bb08171a633
bpi-6204/bananapi6204/legacy/trixie/xfce	整併候選	採用	/media/pi/SMCI/bpi/bananapi-release-c8673931c96c/bpi-6204/Armbian-unofficial_26.11.0-trunk_Bananapi6204_trixie_legacy_6.12.90_xfce_desktop.img.xz	b2ffb5f8be8a57c7757212095c1a2888b00549dd33dfee19299c670984f41cbb	c8673931c96c23c510dd29a28440e77f0b03286f	6a9a29372b9ef64baaf790b24ccad2f3b4ba6940a6ddfa932ddd8bb08171a633
bpi-ai2n/bpi-ai2n/legacy/bookworm/minimal	整併候選	採用	/media/pi/SMCI/bpi/bananapi-release-c8673931c96c/bpi-ai2n/Bananapi-Armbian_26.11.0-trunk_Bpi-ai2n_bookworm_legacy_6.1.107_minimal.img.xz	bcabca28ecb81f4e46a038f15d4fe154263d54edb8595eb653a4aed7d4ff4a50	c8673931c96c23c510dd29a28440e77f0b03286f	6a9a29372b9ef64baaf790b24ccad2f3b4ba6940a6ddfa932ddd8bb08171a633
bpi-ai2n/bpi-ai2n/legacy/bookworm/xfce	整併候選	採用	/media/pi/SMCI/bpi/bananapi-release-c8673931c96c/bpi-ai2n/Bananapi-Armbian_26.11.0-trunk_Bpi-ai2n_bookworm_legacy_6.1.107_xfce_desktop.img.xz	f96aacb0aff8829b88f780e60492b6cf0b04db7ec2736be3b4e327b2df5c4ea5	c8673931c96c23c510dd29a28440e77f0b03286f	6a9a29372b9ef64baaf790b24ccad2f3b4ba6940a6ddfa932ddd8bb08171a633
bpi-ai2n/bpi-ai2n/legacy/jammy/minimal	整併候選	採用	/media/pi/SMCI/bpi/bananapi-release-c8673931c96c/bpi-ai2n/Bananapi-Armbian_26.11.0-trunk_Bpi-ai2n_jammy_legacy_6.1.107_minimal.img.xz	38a2be1885b33f7a2831fc6a04a27a1f7624ff04337066ca3f0d5dd53d00bf49	c8673931c96c23c510dd29a28440e77f0b03286f	6a9a29372b9ef64baaf790b24ccad2f3b4ba6940a6ddfa932ddd8bb08171a633
bpi-ai2n/bpi-ai2n/legacy/jammy/xfce	整併候選	採用	/media/pi/SMCI/bpi/bananapi-release-c8673931c96c/bpi-ai2n/Bananapi-Armbian_26.11.0-trunk_Bpi-ai2n_jammy_legacy_6.1.107_xfce_desktop.img.xz	568f7510f5b4ad6987923180dd76a604b15ecaba529b9e560fbe1716a511a50b	c8673931c96c23c510dd29a28440e77f0b03286f	6a9a29372b9ef64baaf790b24ccad2f3b4ba6940a6ddfa932ddd8bb08171a633
bpi-ai2n/bpi-ai2n/legacy/noble/minimal	整併候選	採用	/media/pi/SMCI/bpi/bananapi-release-c8673931c96c/bpi-ai2n/Bananapi-Armbian_26.11.0-trunk_Bpi-ai2n_noble_legacy_6.1.107_minimal.img.xz	b8802b196ada5450ccc474384b070be94f3bda8604e3ec3a3b0bf537b814920b	c8673931c96c23c510dd29a28440e77f0b03286f	6a9a29372b9ef64baaf790b24ccad2f3b4ba6940a6ddfa932ddd8bb08171a633
bpi-ai2n/bpi-ai2n/legacy/noble/xfce	整併候選	採用	/media/pi/SMCI/bpi/bananapi-release-c8673931c96c/bpi-ai2n/Bananapi-Armbian_26.11.0-trunk_Bpi-ai2n_noble_legacy_6.1.107_xfce_desktop.img.xz	7bf720c8fd4ffb07e048cb75b40640b1ce3c530eb213bc61ca890fd2f9ae8a65	c8673931c96c23c510dd29a28440e77f0b03286f	6a9a29372b9ef64baaf790b24ccad2f3b4ba6940a6ddfa932ddd8bb08171a633
bpi-ai2n/bpi-ai2n/legacy/resolute/minimal	整併候選	採用	/media/pi/SMCI/bpi/bananapi-release-c8673931c96c/bpi-ai2n/Bananapi-Armbian_26.11.0-trunk_Bpi-ai2n_resolute_legacy_6.1.107_minimal.img.xz	ca496fdb520e3072bdf279e3e583e9e8f358f8e0151b43e64e39893b31a56a48	c8673931c96c23c510dd29a28440e77f0b03286f	6a9a29372b9ef64baaf790b24ccad2f3b4ba6940a6ddfa932ddd8bb08171a633
bpi-ai2n/bpi-ai2n/legacy/resolute/xfce	整併候選	採用	/media/pi/SMCI/bpi/bananapi-release-c8673931c96c/bpi-ai2n/Bananapi-Armbian_26.11.0-trunk_Bpi-ai2n_resolute_legacy_6.1.107_xfce_desktop.img.xz	2df7a3815fffc5b0b22cefcf5044c923200416f8e361d3708082fd0e59c24088	c8673931c96c23c510dd29a28440e77f0b03286f	6a9a29372b9ef64baaf790b24ccad2f3b4ba6940a6ddfa932ddd8bb08171a633
bpi-ai2n/bpi-ai2n/legacy/trixie/minimal	整併候選	採用	/media/pi/SMCI/bpi/bananapi-release-c8673931c96c/bpi-ai2n/Bananapi-Armbian_26.11.0-trunk_Bpi-ai2n_trixie_legacy_6.1.107_minimal.img.xz	176bd1cc1a7a0fe9bed0edae94f6ac0e22763994416c684912b2522077ffe668	c8673931c96c23c510dd29a28440e77f0b03286f	6a9a29372b9ef64baaf790b24ccad2f3b4ba6940a6ddfa932ddd8bb08171a633
bpi-ai2n/bpi-ai2n/legacy/trixie/xfce	整併候選	採用	/media/pi/SMCI/bpi/bananapi-release-c8673931c96c/bpi-ai2n/Bananapi-Armbian_26.11.0-trunk_Bpi-ai2n_trixie_legacy_6.1.107_xfce_desktop.img.xz	766600b89a460b43635ef05c8203e3dce891980caa768a56bfb717834a0b4044	c8673931c96c23c510dd29a28440e77f0b03286f	6a9a29372b9ef64baaf790b24ccad2f3b4ba6940a6ddfa932ddd8bb08171a633
bpi-aim7/bananapiaim7/vendor/bookworm/minimal	整併候選	採用	/media/pi/SMCI/bpi/bananapi-release-c8673931c96c/bpi-aim7/Armbian-unofficial_26.11.0-trunk_Bananapiaim7_bookworm_vendor_6.1.115_minimal.img.xz	a87b370375747c52bcfe9c54558fd3303c5a9d6dc861c000be891e755c90bb2c	c8673931c96c23c510dd29a28440e77f0b03286f	6a9a29372b9ef64baaf790b24ccad2f3b4ba6940a6ddfa932ddd8bb08171a633
bpi-aim7/bananapiaim7/vendor/bookworm/xfce	整併候選	採用	/media/pi/SMCI/bpi/bananapi-release-c8673931c96c/bpi-aim7/Armbian-unofficial_26.11.0-trunk_Bananapiaim7_bookworm_vendor_6.1.115_xfce_desktop.img.xz	570300a293970a2cdb1408f86f5d87df6a359fac8e8787fbac332de6aa4e951f	c8673931c96c23c510dd29a28440e77f0b03286f	6a9a29372b9ef64baaf790b24ccad2f3b4ba6940a6ddfa932ddd8bb08171a633
bpi-aim7/bananapiaim7/vendor/jammy/minimal	整併候選	採用	/media/pi/SMCI/bpi/bananapi-release-c8673931c96c/bpi-aim7/Armbian-unofficial_26.11.0-trunk_Bananapiaim7_jammy_vendor_6.1.115_minimal.img.xz	8d6db639002f5c7d94017eab3c3acfe4f49b7e38dba84ccb4231a9b69ca113a5	c8673931c96c23c510dd29a28440e77f0b03286f	6a9a29372b9ef64baaf790b24ccad2f3b4ba6940a6ddfa932ddd8bb08171a633
bpi-aim7/bananapiaim7/vendor/jammy/xfce	整併候選	採用	/media/pi/SMCI/bpi/bananapi-release-c8673931c96c/bpi-aim7/Armbian-unofficial_26.11.0-trunk_Bananapiaim7_jammy_vendor_6.1.115_xfce_desktop.img.xz	a00df294ec4a10c9f688faf60da724c252343327639087a70ae84d9cdb12ae6e	c8673931c96c23c510dd29a28440e77f0b03286f	6a9a29372b9ef64baaf790b24ccad2f3b4ba6940a6ddfa932ddd8bb08171a633
bpi-aim7/bananapiaim7/vendor/noble/minimal	整併候選	採用	/media/pi/SMCI/bpi/bananapi-release-c8673931c96c/bpi-aim7/Armbian-unofficial_26.11.0-trunk_Bananapiaim7_noble_vendor_6.1.115_minimal.img.xz	811c47ee32be145927da2e0d1b58c084546508ce38e189e861cbb63aa93122ee	c8673931c96c23c510dd29a28440e77f0b03286f	6a9a29372b9ef64baaf790b24ccad2f3b4ba6940a6ddfa932ddd8bb08171a633
bpi-aim7/bananapiaim7/vendor/noble/xfce	整併候選	採用	/media/pi/SMCI/bpi/bananapi-release-c8673931c96c/bpi-aim7/Armbian-unofficial_26.11.0-trunk_Bananapiaim7_noble_vendor_6.1.115_xfce_desktop.img.xz	5fbacd831d7d92903a9cfe44aa23985537aa3583ab079e450e7ada1ff940f5af	c8673931c96c23c510dd29a28440e77f0b03286f	6a9a29372b9ef64baaf790b24ccad2f3b4ba6940a6ddfa932ddd8bb08171a633
bpi-aim7/bananapiaim7/vendor/resolute/minimal	整併候選	採用	/media/pi/SMCI/bpi/bananapi-release-c8673931c96c/bpi-aim7/Armbian-unofficial_26.11.0-trunk_Bananapiaim7_resolute_vendor_6.1.115_minimal.img.xz	d9a6c46dbe2483af3bb667f5477e455f74ae7f6e6ee03c1e07747e595c7f6bfd	c8673931c96c23c510dd29a28440e77f0b03286f	6a9a29372b9ef64baaf790b24ccad2f3b4ba6940a6ddfa932ddd8bb08171a633
bpi-aim7/bananapiaim7/vendor/resolute/xfce	整併候選	採用	/media/pi/SMCI/bpi/bananapi-release-c8673931c96c/bpi-aim7/Armbian-unofficial_26.11.0-trunk_Bananapiaim7_resolute_vendor_6.1.115_xfce_desktop.img.xz	53d24569e48ad413e633245f286744d6f90ec9cd5579db10559121badc57d5dd	c8673931c96c23c510dd29a28440e77f0b03286f	6a9a29372b9ef64baaf790b24ccad2f3b4ba6940a6ddfa932ddd8bb08171a633
bpi-aim7/bananapiaim7/vendor/trixie/minimal	整併候選	採用	/media/pi/SMCI/bpi/bananapi-release-c8673931c96c/bpi-aim7/Armbian-unofficial_26.11.0-trunk_Bananapiaim7_trixie_vendor_6.1.115_minimal.img.xz	7bf6248b6f12f879438cd032db5f981e00074bb3d416348ac598f184771db760	c8673931c96c23c510dd29a28440e77f0b03286f	6a9a29372b9ef64baaf790b24ccad2f3b4ba6940a6ddfa932ddd8bb08171a633
bpi-aim7/bananapiaim7/vendor/trixie/xfce	整併候選	採用	/media/pi/SMCI/bpi/bananapi-release-c8673931c96c/bpi-aim7/Armbian-unofficial_26.11.0-trunk_Bananapiaim7_trixie_vendor_6.1.115_xfce_desktop.img.xz	80caf0e7c341f72231a0d284d92a1b78a01f6b90ed7dc71e4b5a31e730b325a7	c8673931c96c23c510dd29a28440e77f0b03286f	6a9a29372b9ef64baaf790b24ccad2f3b4ba6940a6ddfa932ddd8bb08171a633
bpi-cm4io/bananapicm4io/current/bookworm/minimal	整併候選	採用	/media/pi/SMCI/bpi/bananapi-release-c8673931c96c/bpi-cm4io/Armbian-unofficial_26.11.0-trunk_Bananapicm4io_bookworm_current_6.18.49_minimal.img.xz	0f7529bc7a9358c60a5da6592956f0ec425b3aab29c299f211df9078b68ec2f5	c8673931c96c23c510dd29a28440e77f0b03286f	6a9a29372b9ef64baaf790b24ccad2f3b4ba6940a6ddfa932ddd8bb08171a633
bpi-cm4io/bananapicm4io/current/bookworm/xfce	整併候選	採用	/media/pi/SMCI/bpi/bananapi-release-c8673931c96c/bpi-cm4io/Armbian-unofficial_26.11.0-trunk_Bananapicm4io_bookworm_current_6.18.49_xfce_desktop.img.xz	7f4bd66264a9e880c95c24d57104926acbfe1feb19f0add316aea45a7bd40ca2	c8673931c96c23c510dd29a28440e77f0b03286f	6a9a29372b9ef64baaf790b24ccad2f3b4ba6940a6ddfa932ddd8bb08171a633
bpi-cm4io/bananapicm4io/current/jammy/minimal	整併候選	採用	/media/pi/SMCI/bpi/bananapi-release-c8673931c96c/bpi-cm4io/Armbian-unofficial_26.11.0-trunk_Bananapicm4io_jammy_current_6.18.49_minimal.img.xz	3f68f0bc46b405e4a1ac9320d5f0b8a1c2d1701fc010ca73b1d1a2948928e4c1	c8673931c96c23c510dd29a28440e77f0b03286f	6a9a29372b9ef64baaf790b24ccad2f3b4ba6940a6ddfa932ddd8bb08171a633
bpi-cm4io/bananapicm4io/current/jammy/xfce	整併候選	採用	/media/pi/SMCI/bpi/bananapi-release-c8673931c96c/bpi-cm4io/Armbian-unofficial_26.11.0-trunk_Bananapicm4io_jammy_current_6.18.49_xfce_desktop.img.xz	904b4c01364298885acf9ff10c1f171daa8cf5adf56f5e42d322a24b8072aa6e	c8673931c96c23c510dd29a28440e77f0b03286f	6a9a29372b9ef64baaf790b24ccad2f3b4ba6940a6ddfa932ddd8bb08171a633
bpi-cm4io/bananapicm4io/current/noble/minimal	整併候選	採用	/media/pi/SMCI/bpi/bananapi-release-c8673931c96c/bpi-cm4io/Armbian-unofficial_26.11.0-trunk_Bananapicm4io_noble_current_6.18.49_minimal.img.xz	34d2a45988f2ce933da929b2bdf0677545c09705feee23b5436b404e9bff2ea9	c8673931c96c23c510dd29a28440e77f0b03286f	6a9a29372b9ef64baaf790b24ccad2f3b4ba6940a6ddfa932ddd8bb08171a633
bpi-cm4io/bananapicm4io/current/noble/xfce	整併候選	採用	/media/pi/SMCI/bpi/bananapi-release-c8673931c96c/bpi-cm4io/Armbian-unofficial_26.11.0-trunk_Bananapicm4io_noble_current_6.18.49_xfce_desktop.img.xz	23e9eba8b8a8977cea7283420d65b4f71aba40d16ce0a78833581ffe4b064299	c8673931c96c23c510dd29a28440e77f0b03286f	6a9a29372b9ef64baaf790b24ccad2f3b4ba6940a6ddfa932ddd8bb08171a633
bpi-cm4io/bananapicm4io/current/resolute/minimal	整併候選	採用	/media/pi/SMCI/bpi/bananapi-release-c8673931c96c/bpi-cm4io/Armbian-unofficial_26.11.0-trunk_Bananapicm4io_resolute_current_6.18.49_minimal.img.xz	7d3b0e237c7b15d3e93975d0cb989f3b5f1e9d5c18a0c90b641b035f7828d8ea	c8673931c96c23c510dd29a28440e77f0b03286f	6a9a29372b9ef64baaf790b24ccad2f3b4ba6940a6ddfa932ddd8bb08171a633
bpi-cm4io/bananapicm4io/current/resolute/xfce	整併候選	採用	/media/pi/SMCI/bpi/bananapi-release-c8673931c96c/bpi-cm4io/Armbian-unofficial_26.11.0-trunk_Bananapicm4io_resolute_current_6.18.49_xfce_desktop.img.xz	b467b125ccecb7a72a2a0313ef97e52278ba6d42ac7c1e15ea99eba518aa7458	c8673931c96c23c510dd29a28440e77f0b03286f	6a9a29372b9ef64baaf790b24ccad2f3b4ba6940a6ddfa932ddd8bb08171a633
bpi-cm4io/bananapicm4io/current/trixie/minimal	整併候選	採用	/media/pi/SMCI/bpi/bananapi-release-c8673931c96c/bpi-cm4io/Armbian-unofficial_26.11.0-trunk_Bananapicm4io_trixie_current_6.18.49_minimal.img.xz	d68b9b2bfdb0e8edad710caa93f40fc065d1c80df98acde574e33895c930d153	c8673931c96c23c510dd29a28440e77f0b03286f	6a9a29372b9ef64baaf790b24ccad2f3b4ba6940a6ddfa932ddd8bb08171a633
bpi-cm4io/bananapicm4io/current/trixie/xfce	整併候選	採用	/media/pi/SMCI/bpi/bananapi-release-c8673931c96c/bpi-cm4io/Armbian-unofficial_26.11.0-trunk_Bananapicm4io_trixie_current_6.18.49_xfce_desktop.img.xz	070351a64caf4f865886ecea0a7f3f58a4b1d23fc8476b1967a4e4352bdf20c2	c8673931c96c23c510dd29a28440e77f0b03286f	6a9a29372b9ef64baaf790b24ccad2f3b4ba6940a6ddfa932ddd8bb08171a633
bpi-cm5pro/bananapicm5pro/vendor/bookworm/minimal	整併候選	採用	/media/pi/SMCI/bpi/bananapi-release-c8673931c96c/bpi-cm5pro/Armbian-unofficial_26.11.0-trunk_Bananapicm5pro_bookworm_vendor_6.1.115_minimal.img.xz	3d56c8304e643e5e29bf84c52e662c9fd441df3ca28cae9ee2f9073090e66157	c8673931c96c23c510dd29a28440e77f0b03286f	6a9a29372b9ef64baaf790b24ccad2f3b4ba6940a6ddfa932ddd8bb08171a633
bpi-cm5pro/bananapicm5pro/vendor/bookworm/xfce	整併候選	採用	/media/pi/SMCI/bpi/bananapi-release-c8673931c96c/bpi-cm5pro/Armbian-unofficial_26.11.0-trunk_Bananapicm5pro_bookworm_vendor_6.1.115_xfce_desktop.img.xz	7d18563f832fc3bdb0074b87b5c50284d9dfe82ff00b54528f9ea4f805d37b9b	c8673931c96c23c510dd29a28440e77f0b03286f	6a9a29372b9ef64baaf790b24ccad2f3b4ba6940a6ddfa932ddd8bb08171a633
bpi-cm5pro/bananapicm5pro/vendor/jammy/minimal	整併候選	採用	/media/pi/SMCI/bpi/bananapi-release-c8673931c96c/bpi-cm5pro/Armbian-unofficial_26.11.0-trunk_Bananapicm5pro_jammy_vendor_6.1.115_minimal.img.xz	21869f67f47da32f5f30bb8d0c531dc4d3acb1e4a2a5894d6049a94d19af0496	c8673931c96c23c510dd29a28440e77f0b03286f	6a9a29372b9ef64baaf790b24ccad2f3b4ba6940a6ddfa932ddd8bb08171a633
bpi-cm5pro/bananapicm5pro/vendor/jammy/xfce	整併候選	採用	/media/pi/SMCI/bpi/bananapi-release-c8673931c96c/bpi-cm5pro/Armbian-unofficial_26.11.0-trunk_Bananapicm5pro_jammy_vendor_6.1.115_xfce_desktop.img.xz	23f1fc7a89f6b05a89012b69135362a8588a8e9fe3362b6eb38b1a54943daefd	c8673931c96c23c510dd29a28440e77f0b03286f	6a9a29372b9ef64baaf790b24ccad2f3b4ba6940a6ddfa932ddd8bb08171a633
bpi-cm5pro/bananapicm5pro/vendor/noble/minimal	整併候選	採用	/media/pi/SMCI/bpi/bananapi-release-c8673931c96c/bpi-cm5pro/Armbian-unofficial_26.11.0-trunk_Bananapicm5pro_noble_vendor_6.1.115_minimal.img.xz	cd558258d51cba7e3f2c14e1c1e5dad90d9a1774913e90975587e699a61c3805	c8673931c96c23c510dd29a28440e77f0b03286f	6a9a29372b9ef64baaf790b24ccad2f3b4ba6940a6ddfa932ddd8bb08171a633
bpi-cm5pro/bananapicm5pro/vendor/noble/xfce	整併候選	採用	/media/pi/SMCI/bpi/bananapi-release-c8673931c96c/bpi-cm5pro/Armbian-unofficial_26.11.0-trunk_Bananapicm5pro_noble_vendor_6.1.115_xfce_desktop.img.xz	883c9372a7459d636ddcfa4009705e15fddaec91add21bfd30db6f1db1239ebb	c8673931c96c23c510dd29a28440e77f0b03286f	6a9a29372b9ef64baaf790b24ccad2f3b4ba6940a6ddfa932ddd8bb08171a633
bpi-cm5pro/bananapicm5pro/vendor/resolute/minimal	整併候選	採用	/media/pi/SMCI/bpi/bananapi-release-c8673931c96c/bpi-cm5pro/Armbian-unofficial_26.11.0-trunk_Bananapicm5pro_resolute_vendor_6.1.115_minimal.img.xz	cbdcadd696163cfcd499d349be2b7de83d76502a86b0f9f84d1db34e7f149532	c8673931c96c23c510dd29a28440e77f0b03286f	6a9a29372b9ef64baaf790b24ccad2f3b4ba6940a6ddfa932ddd8bb08171a633
bpi-cm5pro/bananapicm5pro/vendor/resolute/xfce	整併候選	採用	/media/pi/SMCI/bpi/bananapi-release-c8673931c96c/bpi-cm5pro/Armbian-unofficial_26.11.0-trunk_Bananapicm5pro_resolute_vendor_6.1.115_xfce_desktop.img.xz	03e4dd83e4d9426468324c71d744929119b0060d875963ec4c1535f64983e755	c8673931c96c23c510dd29a28440e77f0b03286f	6a9a29372b9ef64baaf790b24ccad2f3b4ba6940a6ddfa932ddd8bb08171a633
bpi-cm5pro/bananapicm5pro/vendor/trixie/minimal	整併候選	採用	/media/pi/SMCI/bpi/bananapi-release-c8673931c96c/bpi-cm5pro/Armbian-unofficial_26.11.0-trunk_Bananapicm5pro_trixie_vendor_6.1.115_minimal.img.xz	39a347f50124b566263e3ebd61cf1df8a6c45d28ef7cd2f3337abe32a5dc91cf	c8673931c96c23c510dd29a28440e77f0b03286f	6a9a29372b9ef64baaf790b24ccad2f3b4ba6940a6ddfa932ddd8bb08171a633
bpi-cm5pro/bananapicm5pro/vendor/trixie/xfce	整併候選	採用	/media/pi/SMCI/bpi/bananapi-release-c8673931c96c/bpi-cm5pro/Armbian-unofficial_26.11.0-trunk_Bananapicm5pro_trixie_vendor_6.1.115_xfce_desktop.img.xz	6c04baa569c381caf1a9f7a9d37e3b5b1d36e7000391476b2d01219e7ea4ee5e	c8673931c96c23c510dd29a28440e77f0b03286f	6a9a29372b9ef64baaf790b24ccad2f3b4ba6940a6ddfa932ddd8bb08171a633
bpi-cm6/bananapicm6/legacy/jammy/minimal	整併候選	採用	/media/pi/SMCI/bpi/bananapi-release-c8673931c96c/bpi-cm6/Armbian-unofficial_26.11.0-trunk_Bananapicm6_jammy_legacy_6.6.36_minimal.img.xz	963a12b12f4721d1d453237f1fe826cb011f2b526f4a6adc684d7b9ccc2a5e60	c8673931c96c23c510dd29a28440e77f0b03286f	6a9a29372b9ef64baaf790b24ccad2f3b4ba6940a6ddfa932ddd8bb08171a633
bpi-cm6/bananapicm6/legacy/jammy/xfce	整併候選	採用	/media/pi/SMCI/bpi/bananapi-release-c8673931c96c/bpi-cm6/Armbian-unofficial_26.11.0-trunk_Bananapicm6_jammy_legacy_6.6.36_xfce_desktop.img.xz	e154ae067c1a8b3b3331fde8bb14fa1b577d377ca6a4d75a70f95b9212710435	c8673931c96c23c510dd29a28440e77f0b03286f	6a9a29372b9ef64baaf790b24ccad2f3b4ba6940a6ddfa932ddd8bb08171a633
bpi-cm6/bananapicm6/legacy/noble/minimal	整併候選	採用	/media/pi/SMCI/bpi/bananapi-release-c8673931c96c/bpi-cm6/Armbian-unofficial_26.11.0-trunk_Bananapicm6_noble_legacy_6.6.36_minimal.img.xz	8d7cdaaef70f8994e6bb8653619a2c139dc0b3d28a88fd0855e348f25e7d559b	c8673931c96c23c510dd29a28440e77f0b03286f	6a9a29372b9ef64baaf790b24ccad2f3b4ba6940a6ddfa932ddd8bb08171a633
bpi-cm6/bananapicm6/legacy/noble/xfce	整併候選	採用	/media/pi/SMCI/bpi/bananapi-release-c8673931c96c/bpi-cm6/Armbian-unofficial_26.11.0-trunk_Bananapicm6_noble_legacy_6.6.36_xfce_desktop.img.xz	7b4b16c7017652d08f77616291bd4421ea64bd2ad7fab0e4d0d1f91d12580417	c8673931c96c23c510dd29a28440e77f0b03286f	6a9a29372b9ef64baaf790b24ccad2f3b4ba6940a6ddfa932ddd8bb08171a633
bpi-cm6/bananapicm6/legacy/resolute/minimal	整併候選	採用	/media/pi/SMCI/bpi/bananapi-release-c8673931c96c/bpi-cm6/Armbian-unofficial_26.11.0-trunk_Bananapicm6_resolute_legacy_6.6.36_minimal.img.xz	9ffb7c4e5cd2b70d484ef74ac5b9950f5031ce170bcfea58b53fcf8333a1596c	c8673931c96c23c510dd29a28440e77f0b03286f	6a9a29372b9ef64baaf790b24ccad2f3b4ba6940a6ddfa932ddd8bb08171a633
bpi-cm6/bananapicm6/legacy/resolute/xfce	整併候選	採用	/media/pi/SMCI/bpi/bananapi-release-c8673931c96c/bpi-cm6/Armbian-unofficial_26.11.0-trunk_Bananapicm6_resolute_legacy_6.6.36_xfce_desktop.img.xz	26c3a3283bfb97022a4ec57c8031daa774d0005c9d4dac458c8f86b738891f63	c8673931c96c23c510dd29a28440e77f0b03286f	6a9a29372b9ef64baaf790b24ccad2f3b4ba6940a6ddfa932ddd8bb08171a633
bpi-cm6/bananapicm6/legacy/trixie/minimal	整併候選	採用	/media/pi/SMCI/bpi/bananapi-release-c8673931c96c/bpi-cm6/Armbian-unofficial_26.11.0-trunk_Bananapicm6_trixie_legacy_6.6.36_minimal.img.xz	14b65895060e30ac33c2dbc45c953e1a0ae96e4fb688fc60ba97e5853b401765	c8673931c96c23c510dd29a28440e77f0b03286f	6a9a29372b9ef64baaf790b24ccad2f3b4ba6940a6ddfa932ddd8bb08171a633
bpi-cm6/bananapicm6/legacy/trixie/xfce	整併候選	採用	/media/pi/SMCI/bpi/bananapi-release-c8673931c96c/bpi-cm6/Armbian-unofficial_26.11.0-trunk_Bananapicm6_trixie_legacy_6.6.36_xfce_desktop.img.xz	3ec641425c25b2e1ec72418d1aa65847573224d3ad6937100cfbf2a79a69716f	c8673931c96c23c510dd29a28440e77f0b03286f	6a9a29372b9ef64baaf790b24ccad2f3b4ba6940a6ddfa932ddd8bb08171a633
bpi-f2p/bananapif2p/legacy/bookworm/minimal	整併候選	採用	/media/pi/SMCI/bpi/bananapi-release-c8673931c96c/bpi-f2p/Armbian-unofficial_26.11.0-trunk_Bananapif2p_bookworm_legacy_0_minimal.img.xz	c356051db7fda66dfe5e811c5afe3421dd50f3f2b2653c2c1023488dab704953	c8673931c96c23c510dd29a28440e77f0b03286f	6a9a29372b9ef64baaf790b24ccad2f3b4ba6940a6ddfa932ddd8bb08171a633
bpi-f2p/bananapif2p/legacy/bookworm/xfce	整併候選	採用	/media/pi/SMCI/bpi/bananapi-release-c8673931c96c/bpi-f2p/Armbian-unofficial_26.11.0-trunk_Bananapif2p_bookworm_legacy_0_xfce_desktop.img.xz	150e0e20f574d9e553302c87653ab0423c8697d5203064828808cb631d6b4fba	c8673931c96c23c510dd29a28440e77f0b03286f	6a9a29372b9ef64baaf790b24ccad2f3b4ba6940a6ddfa932ddd8bb08171a633
bpi-f2p/bananapif2p/legacy/jammy/minimal	整併候選	採用	/media/pi/SMCI/bpi/bananapi-release-c8673931c96c/bpi-f2p/Armbian-unofficial_26.11.0-trunk_Bananapif2p_jammy_legacy_0_minimal.img.xz	2de8525bbd805151443661fca8fbe6b368e2b06f60872bc24ba34211e27227e0	c8673931c96c23c510dd29a28440e77f0b03286f	6a9a29372b9ef64baaf790b24ccad2f3b4ba6940a6ddfa932ddd8bb08171a633
bpi-f2p/bananapif2p/legacy/jammy/xfce	整併候選	採用	/media/pi/SMCI/bpi/bananapi-release-c8673931c96c/bpi-f2p/Armbian-unofficial_26.11.0-trunk_Bananapif2p_jammy_legacy_0_xfce_desktop.img.xz	5e9319f1071a9c6afb0714b0be781b14f5f3d8f71e28df494a58e8cdbaa310bb	c8673931c96c23c510dd29a28440e77f0b03286f	6a9a29372b9ef64baaf790b24ccad2f3b4ba6940a6ddfa932ddd8bb08171a633
bpi-f2p/bananapif2p/legacy/noble/minimal	整併候選	採用	/media/pi/SMCI/bpi/bananapi-release-c8673931c96c/bpi-f2p/Armbian-unofficial_26.11.0-trunk_Bananapif2p_noble_legacy_0_minimal.img.xz	34df1839f6406734864af59082e509e4e1560c8c8366132fc1be6b67ca67f65b	c8673931c96c23c510dd29a28440e77f0b03286f	6a9a29372b9ef64baaf790b24ccad2f3b4ba6940a6ddfa932ddd8bb08171a633
bpi-f2p/bananapif2p/legacy/noble/xfce	整併候選	採用	/media/pi/SMCI/bpi/bananapi-release-c8673931c96c/bpi-f2p/Armbian-unofficial_26.11.0-trunk_Bananapif2p_noble_legacy_0_xfce_desktop.img.xz	3518afd39e4746f2221ba31e362f55d1d35d93f0bf78deb6e2361fd29243561e	c8673931c96c23c510dd29a28440e77f0b03286f	6a9a29372b9ef64baaf790b24ccad2f3b4ba6940a6ddfa932ddd8bb08171a633
bpi-f2p/bananapif2p/legacy/resolute/minimal	整併候選	採用	/media/pi/SMCI/bpi/bananapi-release-c8673931c96c/bpi-f2p/Armbian-unofficial_26.11.0-trunk_Bananapif2p_resolute_legacy_0_minimal.img.xz	b9549983d57b9d6c17327c22dba1a1155e702f9e5f82c236c6791488dd057cf1	c8673931c96c23c510dd29a28440e77f0b03286f	6a9a29372b9ef64baaf790b24ccad2f3b4ba6940a6ddfa932ddd8bb08171a633
bpi-f2p/bananapif2p/legacy/resolute/xfce	整併候選	採用	/media/pi/SMCI/bpi/bananapi-release-c8673931c96c/bpi-f2p/Armbian-unofficial_26.11.0-trunk_Bananapif2p_resolute_legacy_0_xfce_desktop.img.xz	1b7bae866bd37a9e86841eb2aa134f095c167d66e1dbf07eda3a8d05c889b7c7	c8673931c96c23c510dd29a28440e77f0b03286f	6a9a29372b9ef64baaf790b24ccad2f3b4ba6940a6ddfa932ddd8bb08171a633
bpi-f2p/bananapif2p/legacy/trixie/minimal	整併候選	採用	/media/pi/SMCI/bpi/bananapi-release-c8673931c96c/bpi-f2p/Armbian-unofficial_26.11.0-trunk_Bananapif2p_trixie_legacy_0_minimal.img.xz	00f2757cb9f1582321198ed12c46279cceb3eb2c25119de8f4af3ef35c9195eb	c8673931c96c23c510dd29a28440e77f0b03286f	6a9a29372b9ef64baaf790b24ccad2f3b4ba6940a6ddfa932ddd8bb08171a633
bpi-f2p/bananapif2p/legacy/trixie/xfce	整併候選	採用	/media/pi/SMCI/bpi/bananapi-release-c8673931c96c/bpi-f2p/Armbian-unofficial_26.11.0-trunk_Bananapif2p_trixie_legacy_0_xfce_desktop.img.xz	57998712d70bfa501a173665db7dbab685ddd996c564824407252e8453630795	c8673931c96c23c510dd29a28440e77f0b03286f	6a9a29372b9ef64baaf790b24ccad2f3b4ba6940a6ddfa932ddd8bb08171a633
bpi-f2s/bananapif2s/legacy/bookworm/minimal	整併候選	採用	/media/pi/SMCI/bpi/bananapi-release-c8673931c96c/bpi-f2s/Armbian-unofficial_26.11.0-trunk_Bananapif2s_bookworm_legacy_0_minimal.img.xz	24a43b034d26e99800e5401a2c737c945fd90690f2435db0d015f32e7f5f1949	c8673931c96c23c510dd29a28440e77f0b03286f	6a9a29372b9ef64baaf790b24ccad2f3b4ba6940a6ddfa932ddd8bb08171a633
bpi-f2s/bananapif2s/legacy/bookworm/xfce	整併候選	採用	/media/pi/SMCI/bpi/bananapi-release-c8673931c96c/bpi-f2s/Armbian-unofficial_26.11.0-trunk_Bananapif2s_bookworm_legacy_0_xfce_desktop.img.xz	07b149b3d7114604fb576c4ece4bc07753c0dd8fe6ed4a12a7de4cdbd7eddaeb	c8673931c96c23c510dd29a28440e77f0b03286f	6a9a29372b9ef64baaf790b24ccad2f3b4ba6940a6ddfa932ddd8bb08171a633
bpi-f2s/bananapif2s/legacy/jammy/minimal	整併候選	採用	/media/pi/SMCI/bpi/bananapi-release-c8673931c96c/bpi-f2s/Armbian-unofficial_26.11.0-trunk_Bananapif2s_jammy_legacy_0_minimal.img.xz	4dc676505e01b3b0fb18a5b859f013a62dab218dd6157c6d1b9b83b30fe42090	c8673931c96c23c510dd29a28440e77f0b03286f	6a9a29372b9ef64baaf790b24ccad2f3b4ba6940a6ddfa932ddd8bb08171a633
bpi-f2s/bananapif2s/legacy/jammy/xfce	整併候選	採用	/media/pi/SMCI/bpi/bananapi-release-c8673931c96c/bpi-f2s/Armbian-unofficial_26.11.0-trunk_Bananapif2s_jammy_legacy_0_xfce_desktop.img.xz	3d9d95589feefc02d4014be23d2aaaa4af597e369cb4458cc1f8847d85aaf463	c8673931c96c23c510dd29a28440e77f0b03286f	6a9a29372b9ef64baaf790b24ccad2f3b4ba6940a6ddfa932ddd8bb08171a633
bpi-f2s/bananapif2s/legacy/noble/minimal	整併候選	採用	/media/pi/SMCI/bpi/bananapi-release-c8673931c96c/bpi-f2s/Armbian-unofficial_26.11.0-trunk_Bananapif2s_noble_legacy_0_minimal.img.xz	e4abe30a57243af715dd0988632192092e5d7a8c7a3cd4fd7e4404e601865889	c8673931c96c23c510dd29a28440e77f0b03286f	6a9a29372b9ef64baaf790b24ccad2f3b4ba6940a6ddfa932ddd8bb08171a633
bpi-f2s/bananapif2s/legacy/noble/xfce	整併候選	採用	/media/pi/SMCI/bpi/bananapi-release-c8673931c96c/bpi-f2s/Armbian-unofficial_26.11.0-trunk_Bananapif2s_noble_legacy_0_xfce_desktop.img.xz	e3d353c3e3eb0efee624195c560640f2ffa5a4724c321d3196c33cc75829e1c4	c8673931c96c23c510dd29a28440e77f0b03286f	6a9a29372b9ef64baaf790b24ccad2f3b4ba6940a6ddfa932ddd8bb08171a633
bpi-f2s/bananapif2s/legacy/resolute/minimal	整併候選	採用	/media/pi/SMCI/bpi/bananapi-release-c8673931c96c/bpi-f2s/Armbian-unofficial_26.11.0-trunk_Bananapif2s_resolute_legacy_0_minimal.img.xz	c567dad44ee75e85966a5e5ab0fce9d692d14d10146caadb27519e776adedf30	c8673931c96c23c510dd29a28440e77f0b03286f	6a9a29372b9ef64baaf790b24ccad2f3b4ba6940a6ddfa932ddd8bb08171a633
bpi-f2s/bananapif2s/legacy/resolute/xfce	整併候選	採用	/media/pi/SMCI/bpi/bananapi-release-c8673931c96c/bpi-f2s/Armbian-unofficial_26.11.0-trunk_Bananapif2s_resolute_legacy_0_xfce_desktop.img.xz	1f3f52061c6d9dd891cc3a4ec2e681c0185b07d2848a53a658fba546a932c854	c8673931c96c23c510dd29a28440e77f0b03286f	6a9a29372b9ef64baaf790b24ccad2f3b4ba6940a6ddfa932ddd8bb08171a633
bpi-f2s/bananapif2s/legacy/trixie/minimal	整併候選	採用	/media/pi/SMCI/bpi/bananapi-release-c8673931c96c/bpi-f2s/Armbian-unofficial_26.11.0-trunk_Bananapif2s_trixie_legacy_0_minimal.img.xz	19941356ae7f1cfac3eb51b8e0c1a1abd59e7b6e8aec8a9b77698a59d6c825c5	c8673931c96c23c510dd29a28440e77f0b03286f	6a9a29372b9ef64baaf790b24ccad2f3b4ba6940a6ddfa932ddd8bb08171a633
bpi-f2s/bananapif2s/legacy/trixie/xfce	整併候選	採用	/media/pi/SMCI/bpi/bananapi-release-c8673931c96c/bpi-f2s/Armbian-unofficial_26.11.0-trunk_Bananapif2s_trixie_legacy_0_xfce_desktop.img.xz	6ac9639aef6bb9f93455f05bbc689712bdd9b07f2aaad5bd23292263af965ae7	c8673931c96c23c510dd29a28440e77f0b03286f	6a9a29372b9ef64baaf790b24ccad2f3b4ba6940a6ddfa932ddd8bb08171a633
bpi-f3/bananapif3/current/jammy/minimal	整併候選	採用	/media/pi/SMCI/bpi/bananapi-release-c8673931c96c/bpi-f3/Armbian-unofficial_26.11.0-trunk_Bananapif3_jammy_current_6.18.37_minimal.img.xz	150c5afd114ba9c3a1e2f2789339606524b6bbe4091bf7be82542f01e83b2206	c8673931c96c23c510dd29a28440e77f0b03286f	6a9a29372b9ef64baaf790b24ccad2f3b4ba6940a6ddfa932ddd8bb08171a633
bpi-f3/bananapif3/current/jammy/xfce	整併候選	採用	/media/pi/SMCI/bpi/bananapi-release-c8673931c96c/bpi-f3/Armbian-unofficial_26.11.0-trunk_Bananapif3_jammy_current_6.18.37_xfce_desktop.img.xz	01347143c998b8935fb57c851c39a8df31036215a4c360d11ef7c799fcd8e57c	c8673931c96c23c510dd29a28440e77f0b03286f	6a9a29372b9ef64baaf790b24ccad2f3b4ba6940a6ddfa932ddd8bb08171a633
bpi-f3/bananapif3/current/noble/minimal	整併候選	採用	/media/pi/SMCI/bpi/bananapi-release-c8673931c96c/bpi-f3/Armbian-unofficial_26.11.0-trunk_Bananapif3_noble_current_6.18.37_minimal.img.xz	02436ef679043a84a6a87d20012e98a986d73798f6ff216950b38622bfec9666	c8673931c96c23c510dd29a28440e77f0b03286f	6a9a29372b9ef64baaf790b24ccad2f3b4ba6940a6ddfa932ddd8bb08171a633
bpi-f3/bananapif3/current/noble/xfce	整併候選	採用	/media/pi/SMCI/bpi/bananapi-release-c8673931c96c/bpi-f3/Armbian-unofficial_26.11.0-trunk_Bananapif3_noble_current_6.18.37_xfce_desktop.img.xz	886d85b903b4a78e6b5890897d836729eb1b6183ca98ae0e81c65f399cd6b924	c8673931c96c23c510dd29a28440e77f0b03286f	6a9a29372b9ef64baaf790b24ccad2f3b4ba6940a6ddfa932ddd8bb08171a633
bpi-f3/bananapif3/current/resolute/minimal	整併候選	採用	/media/pi/SMCI/bpi/bananapi-release-c8673931c96c/bpi-f3/Armbian-unofficial_26.11.0-trunk_Bananapif3_resolute_current_6.18.37_minimal.img.xz	8c49621e99735a8b4c9dc8dc6907fefe2f0b0644f2dbb67ea3a4bc13dc48f39a	c8673931c96c23c510dd29a28440e77f0b03286f	6a9a29372b9ef64baaf790b24ccad2f3b4ba6940a6ddfa932ddd8bb08171a633
bpi-f3/bananapif3/current/resolute/xfce	整併候選	採用	/media/pi/SMCI/bpi/bananapi-release-c8673931c96c/bpi-f3/Armbian-unofficial_26.11.0-trunk_Bananapif3_resolute_current_6.18.37_xfce_desktop.img.xz	ac605671f6cabbf60c146251d96402a9c4a94b9c0c73b6593bd80d0d8e7a1d17	c8673931c96c23c510dd29a28440e77f0b03286f	6a9a29372b9ef64baaf790b24ccad2f3b4ba6940a6ddfa932ddd8bb08171a633
bpi-f3/bananapif3/current/trixie/minimal	整併候選	採用	/media/pi/SMCI/bpi/bananapi-release-c8673931c96c/bpi-f3/Armbian-unofficial_26.11.0-trunk_Bananapif3_trixie_current_6.18.37_minimal.img.xz	c65840a73b4d4e84099e8244782940ff38a2f2ea91972a3d5fd6d192bbef8cd8	c8673931c96c23c510dd29a28440e77f0b03286f	6a9a29372b9ef64baaf790b24ccad2f3b4ba6940a6ddfa932ddd8bb08171a633
bpi-f3/bananapif3/current/trixie/xfce	整併候選	採用	/media/pi/SMCI/bpi/bananapi-release-c8673931c96c/bpi-f3/Armbian-unofficial_26.11.0-trunk_Bananapif3_trixie_current_6.18.37_xfce_desktop.img.xz	92ab35a47e44b288b88c16811006f91266619029424bc0ae50bd3bc58708733f	c8673931c96c23c510dd29a28440e77f0b03286f	6a9a29372b9ef64baaf790b24ccad2f3b4ba6940a6ddfa932ddd8bb08171a633
bpi-forge1/bananapiforge1/vendor/bookworm/minimal	整併候選	採用	/media/pi/SMCI/bpi/bananapi-release-c8673931c96c/bpi-forge1/Armbian-unofficial_26.11.0-trunk_Bananapiforge1_bookworm_vendor_6.1.115_minimal.img.xz	e62e76a8c1cf5beb81e6c1ca64b4b5566eda934d5626fb50541c7294783bb777	c8673931c96c23c510dd29a28440e77f0b03286f	6a9a29372b9ef64baaf790b24ccad2f3b4ba6940a6ddfa932ddd8bb08171a633
bpi-forge1/bananapiforge1/vendor/bookworm/xfce	整併候選	採用	/media/pi/SMCI/bpi/bananapi-release-c8673931c96c/bpi-forge1/Armbian-unofficial_26.11.0-trunk_Bananapiforge1_bookworm_vendor_6.1.115_xfce_desktop.img.xz	de3096a0a195ce30568525f244265767974678661a4aab50d1d33703a255f48c	c8673931c96c23c510dd29a28440e77f0b03286f	6a9a29372b9ef64baaf790b24ccad2f3b4ba6940a6ddfa932ddd8bb08171a633
bpi-forge1/bananapiforge1/vendor/jammy/minimal	整併候選	採用	/media/pi/SMCI/bpi/bananapi-release-c8673931c96c/bpi-forge1/Armbian-unofficial_26.11.0-trunk_Bananapiforge1_jammy_vendor_6.1.115_minimal.img.xz	7858f1d0b97d237f60c94b902699c98c4bc6e99961824e974d8bd469dbaf1c5a	c8673931c96c23c510dd29a28440e77f0b03286f	6a9a29372b9ef64baaf790b24ccad2f3b4ba6940a6ddfa932ddd8bb08171a633
bpi-forge1/bananapiforge1/vendor/jammy/xfce	整併候選	採用	/media/pi/SMCI/bpi/bananapi-release-c8673931c96c/bpi-forge1/Armbian-unofficial_26.11.0-trunk_Bananapiforge1_jammy_vendor_6.1.115_xfce_desktop.img.xz	7ea441e7a59ccb4b0086bb53662e3ed2f07e2dd6b92f72bbbf8053ac46c3d27a	c8673931c96c23c510dd29a28440e77f0b03286f	6a9a29372b9ef64baaf790b24ccad2f3b4ba6940a6ddfa932ddd8bb08171a633
bpi-forge1/bananapiforge1/vendor/noble/minimal	整併候選	採用	/media/pi/SMCI/bpi/bananapi-release-c8673931c96c/bpi-forge1/Armbian-unofficial_26.11.0-trunk_Bananapiforge1_noble_vendor_6.1.115_minimal.img.xz	29be5a2930a9eef6d9019ef2622089520f6c3f15ed0fba5020481a796e8da123	c8673931c96c23c510dd29a28440e77f0b03286f	6a9a29372b9ef64baaf790b24ccad2f3b4ba6940a6ddfa932ddd8bb08171a633
bpi-forge1/bananapiforge1/vendor/noble/xfce	整併候選	採用	/media/pi/SMCI/bpi/bananapi-release-c8673931c96c/bpi-forge1/Armbian-unofficial_26.11.0-trunk_Bananapiforge1_noble_vendor_6.1.115_xfce_desktop.img.xz	ea7db25ad6e3e9592199df00044f32c0aedb579152f30affdf9180263407e952	c8673931c96c23c510dd29a28440e77f0b03286f	6a9a29372b9ef64baaf790b24ccad2f3b4ba6940a6ddfa932ddd8bb08171a633
bpi-forge1/bananapiforge1/vendor/resolute/minimal	整併候選	採用	/media/pi/SMCI/bpi/bananapi-release-c8673931c96c/bpi-forge1/Armbian-unofficial_26.11.0-trunk_Bananapiforge1_resolute_vendor_6.1.115_minimal.img.xz	3314d89136acbfe87c874b3429162adddb47eddc71aca2dd413e24c679d9bf01	c8673931c96c23c510dd29a28440e77f0b03286f	6a9a29372b9ef64baaf790b24ccad2f3b4ba6940a6ddfa932ddd8bb08171a633
bpi-forge1/bananapiforge1/vendor/resolute/xfce	整併候選	採用	/media/pi/SMCI/bpi/bananapi-release-c8673931c96c/bpi-forge1/Armbian-unofficial_26.11.0-trunk_Bananapiforge1_resolute_vendor_6.1.115_xfce_desktop.img.xz	4b15c323ebf351625d0a212d94a2c4455e3b7ac8e03ed08310d9b8054fd05b7e	c8673931c96c23c510dd29a28440e77f0b03286f	6a9a29372b9ef64baaf790b24ccad2f3b4ba6940a6ddfa932ddd8bb08171a633
bpi-forge1/bananapiforge1/vendor/trixie/minimal	整併候選	採用	/media/pi/SMCI/bpi/bananapi-release-c8673931c96c/bpi-forge1/Armbian-unofficial_26.11.0-trunk_Bananapiforge1_trixie_vendor_6.1.115_minimal.img.xz	d91a1bc292a5711ef8a4d90379c9c09c3864d9984fc70efe05fa20fa8caf7dd9	c8673931c96c23c510dd29a28440e77f0b03286f	6a9a29372b9ef64baaf790b24ccad2f3b4ba6940a6ddfa932ddd8bb08171a633
bpi-forge1/bananapiforge1/vendor/trixie/xfce	整併候選	採用	/media/pi/SMCI/bpi/bananapi-release-c8673931c96c/bpi-forge1/Armbian-unofficial_26.11.0-trunk_Bananapiforge1_trixie_vendor_6.1.115_xfce_desktop.img.xz	f234e1d94394cb95c044b6a5c3b182ab191c3c52dde2475539b3b0548f0eb0ea	c8673931c96c23c510dd29a28440e77f0b03286f	6a9a29372b9ef64baaf790b24ccad2f3b4ba6940a6ddfa932ddd8bb08171a633
bpi-m1/bananapi/current/bookworm/minimal	整併候選	採用	/media/pi/SMCI/bpi/bananapi-release-c8673931c96c/bpi-m1/Armbian-unofficial_26.11.0-trunk_Bananapi_bookworm_current_6.18.49_minimal.img.xz	8500126b4055d95e1c14083cbe7ff451bfed8e508491d3f21d93ddbe99f213c9	c8673931c96c23c510dd29a28440e77f0b03286f	6a9a29372b9ef64baaf790b24ccad2f3b4ba6940a6ddfa932ddd8bb08171a633
bpi-m1/bananapi/current/bookworm/xfce	整併候選	採用	/media/pi/SMCI/bpi/bananapi-release-c8673931c96c/bpi-m1/Armbian-unofficial_26.11.0-trunk_Bananapi_bookworm_current_6.18.49_xfce_desktop.img.xz	ec61676fd2aee5b93a3ed7fbc48d75bf77ca50b1b86abc064f2ca4d0bc154a35	c8673931c96c23c510dd29a28440e77f0b03286f	6a9a29372b9ef64baaf790b24ccad2f3b4ba6940a6ddfa932ddd8bb08171a633
bpi-m1/bananapi/current/jammy/minimal	整併候選	採用	/media/pi/SMCI/bpi/bananapi-release-c8673931c96c/bpi-m1/Armbian-unofficial_26.11.0-trunk_Bananapi_jammy_current_6.18.49_minimal.img.xz	0c6f5f6dc01a7aaf7bdcd8fe37c0af2cdeb91d685d0528c7142cd32ec70e9fb5	c8673931c96c23c510dd29a28440e77f0b03286f	6a9a29372b9ef64baaf790b24ccad2f3b4ba6940a6ddfa932ddd8bb08171a633
bpi-m1/bananapi/current/jammy/xfce	整併候選	採用	/media/pi/SMCI/bpi/bananapi-release-c8673931c96c/bpi-m1/Armbian-unofficial_26.11.0-trunk_Bananapi_jammy_current_6.18.49_xfce_desktop.img.xz	5058cd96f3c68cd2fcb0c24bdd8619f108595c2aa0091c901977b5e638193f52	c8673931c96c23c510dd29a28440e77f0b03286f	6a9a29372b9ef64baaf790b24ccad2f3b4ba6940a6ddfa932ddd8bb08171a633
bpi-m1/bananapi/current/noble/minimal	整併候選	採用	/media/pi/SMCI/bpi/bananapi-release-c8673931c96c/bpi-m1/Armbian-unofficial_26.11.0-trunk_Bananapi_noble_current_6.18.49_minimal.img.xz	4dc6e37a941ff333a54b1fd8e5e11c18b137d77d79625c4b7ef2c832b386e36d	c8673931c96c23c510dd29a28440e77f0b03286f	6a9a29372b9ef64baaf790b24ccad2f3b4ba6940a6ddfa932ddd8bb08171a633
bpi-m1/bananapi/current/noble/xfce	整併候選	採用	/media/pi/SMCI/bpi/bananapi-release-c8673931c96c/bpi-m1/Armbian-unofficial_26.11.0-trunk_Bananapi_noble_current_6.18.49_xfce_desktop.img.xz	d54176621d8a067bc13b330a07767a9aac770945abce3232e112e72d2af19303	c8673931c96c23c510dd29a28440e77f0b03286f	6a9a29372b9ef64baaf790b24ccad2f3b4ba6940a6ddfa932ddd8bb08171a633
bpi-m1/bananapi/current/resolute/minimal	整併候選	採用	/media/pi/SMCI/bpi/bananapi-release-c8673931c96c/bpi-m1/Armbian-unofficial_26.11.0-trunk_Bananapi_resolute_current_6.18.49_minimal.img.xz	ed4a19f7fda5106f63dc2af60f7c15db32539868fa2c1e86b34a3b500250827a	c8673931c96c23c510dd29a28440e77f0b03286f	6a9a29372b9ef64baaf790b24ccad2f3b4ba6940a6ddfa932ddd8bb08171a633
bpi-m1/bananapi/current/resolute/xfce	整併候選	採用	/media/pi/SMCI/bpi/bananapi-release-c8673931c96c/bpi-m1/Armbian-unofficial_26.11.0-trunk_Bananapi_resolute_current_6.18.49_xfce_desktop.img.xz	96475accefc48ce3adb5beeff467f9b80cd07819f28982ba6567d937a23cbc2b	c8673931c96c23c510dd29a28440e77f0b03286f	6a9a29372b9ef64baaf790b24ccad2f3b4ba6940a6ddfa932ddd8bb08171a633
bpi-m1/bananapi/current/trixie/minimal	整併候選	採用	/media/pi/SMCI/bpi/bananapi-release-c8673931c96c/bpi-m1/Armbian-unofficial_26.11.0-trunk_Bananapi_trixie_current_6.18.49_minimal.img.xz	932748c905163d13955c66cd508994dc7088a67bbdb924f001ac595d00aaa746	c8673931c96c23c510dd29a28440e77f0b03286f	6a9a29372b9ef64baaf790b24ccad2f3b4ba6940a6ddfa932ddd8bb08171a633
bpi-m1/bananapi/current/trixie/xfce	整併候選	採用	/media/pi/SMCI/bpi/bananapi-release-c8673931c96c/bpi-m1/Armbian-unofficial_26.11.0-trunk_Bananapi_trixie_current_6.18.49_xfce_desktop.img.xz	c00ed4098184134eb67709ec12641f048484b5f6b39518f10441d11756c17ebe	c8673931c96c23c510dd29a28440e77f0b03286f	6a9a29372b9ef64baaf790b24ccad2f3b4ba6940a6ddfa932ddd8bb08171a633
bpi-m1p/bananapim1plus/current/bookworm/minimal	整併候選	採用	/media/pi/SMCI/bpi/bananapi-release-c8673931c96c/bpi-m1p/Armbian-unofficial_26.11.0-trunk_Bananapim1plus_bookworm_current_6.18.46_minimal.img.xz	759d00fc465ee576a75b5c30db06012e899c18f6737d3d676f4f8fda6e3fda0e	c8673931c96c23c510dd29a28440e77f0b03286f	6a9a29372b9ef64baaf790b24ccad2f3b4ba6940a6ddfa932ddd8bb08171a633
bpi-m1p/bananapim1plus/current/bookworm/xfce	整併候選	採用	/media/pi/SMCI/bpi/bananapi-release-c8673931c96c/bpi-m1p/Armbian-unofficial_26.11.0-trunk_Bananapim1plus_bookworm_current_6.18.46_xfce_desktop.img.xz	5e5937b41d1ecbef26b5b7287accbdaa05a66d44cf1963a7ff7876d9b75c1986	c8673931c96c23c510dd29a28440e77f0b03286f	6a9a29372b9ef64baaf790b24ccad2f3b4ba6940a6ddfa932ddd8bb08171a633
bpi-m1p/bananapim1plus/current/jammy/minimal	整併候選	採用	/media/pi/SMCI/bpi/bananapi-release-c8673931c96c/bpi-m1p/Armbian-unofficial_26.11.0-trunk_Bananapim1plus_jammy_current_6.18.46_minimal.img.xz	ba951eaac472b22bb58dd308e74622d66dde1ab96716eb464dc514ead60855b2	c8673931c96c23c510dd29a28440e77f0b03286f	6a9a29372b9ef64baaf790b24ccad2f3b4ba6940a6ddfa932ddd8bb08171a633
bpi-m1p/bananapim1plus/current/jammy/xfce	整併候選	採用	/media/pi/SMCI/bpi/bananapi-release-c8673931c96c/bpi-m1p/Armbian-unofficial_26.11.0-trunk_Bananapim1plus_jammy_current_6.18.46_xfce_desktop.img.xz	b1c3e46a05576711532b74af1a19e7cc67b6c8526ed2b43c3b91cf9250b653ae	c8673931c96c23c510dd29a28440e77f0b03286f	6a9a29372b9ef64baaf790b24ccad2f3b4ba6940a6ddfa932ddd8bb08171a633
bpi-m1p/bananapim1plus/current/noble/minimal	整併候選	採用	/media/pi/SMCI/bpi/bananapi-release-c8673931c96c/bpi-m1p/Armbian-unofficial_26.11.0-trunk_Bananapim1plus_noble_current_6.18.46_minimal.img.xz	6709a4cc509e47d80eeac66ef450f971a1899cc3a231f2d0a09c686a03cd5371	c8673931c96c23c510dd29a28440e77f0b03286f	6a9a29372b9ef64baaf790b24ccad2f3b4ba6940a6ddfa932ddd8bb08171a633
bpi-m1p/bananapim1plus/current/noble/xfce	整併候選	採用	/media/pi/SMCI/bpi/bananapi-release-c8673931c96c/bpi-m1p/Armbian-unofficial_26.11.0-trunk_Bananapim1plus_noble_current_6.18.46_xfce_desktop.img.xz	8d84fe817257dcafc4aa6f8d8ccba0d11e9c93d9bb95ae4e162b51905f7d3517	c8673931c96c23c510dd29a28440e77f0b03286f	6a9a29372b9ef64baaf790b24ccad2f3b4ba6940a6ddfa932ddd8bb08171a633
bpi-m1p/bananapim1plus/current/resolute/minimal	整併候選	採用	/media/pi/SMCI/bpi/bananapi-release-c8673931c96c/bpi-m1p/Armbian-unofficial_26.11.0-trunk_Bananapim1plus_resolute_current_6.18.46_minimal.img.xz	ea1840a001c55cb78a82de6a09ba6caebb0eac5138e2620ea07215cfd1de55f4	c8673931c96c23c510dd29a28440e77f0b03286f	6a9a29372b9ef64baaf790b24ccad2f3b4ba6940a6ddfa932ddd8bb08171a633
bpi-m1p/bananapim1plus/current/resolute/xfce	整併候選	採用	/media/pi/SMCI/bpi/bananapi-release-c8673931c96c/bpi-m1p/Armbian-unofficial_26.11.0-trunk_Bananapim1plus_resolute_current_6.18.46_xfce_desktop.img.xz	9805b9311a21460009a93e365b449efb997f0e3c863a394dcc0faff4011d9a1c	c8673931c96c23c510dd29a28440e77f0b03286f	6a9a29372b9ef64baaf790b24ccad2f3b4ba6940a6ddfa932ddd8bb08171a633
bpi-m1p/bananapim1plus/current/trixie/minimal	整併候選	採用	/media/pi/SMCI/bpi/bananapi-release-c8673931c96c/bpi-m1p/Armbian-unofficial_26.11.0-trunk_Bananapim1plus_trixie_current_6.18.46_minimal.img.xz	9925eef265f3eb2a47fb60790b5e0dde3042c3ff90721be5bc22b9d18cba2e27	c8673931c96c23c510dd29a28440e77f0b03286f	6a9a29372b9ef64baaf790b24ccad2f3b4ba6940a6ddfa932ddd8bb08171a633
bpi-m1p/bananapim1plus/current/trixie/xfce	整併候選	採用	/media/pi/SMCI/bpi/bananapi-release-c8673931c96c/bpi-m1p/Armbian-unofficial_26.11.0-trunk_Bananapim1plus_trixie_current_6.18.46_xfce_desktop.img.xz	73a115335c83a1d58d260d644264ddee799809d6c27bbe27705cb1d4e871e783	c8673931c96c23c510dd29a28440e77f0b03286f	6a9a29372b9ef64baaf790b24ccad2f3b4ba6940a6ddfa932ddd8bb08171a633
bpi-m1super/bananapim1super/vendor/bookworm/minimal	整併候選	採用	/media/pi/SMCI/bpi/bananapi-release-c8673931c96c/bpi-m1super/Armbian-unofficial_26.11.0-trunk_Bananapim1super_bookworm_vendor_6.1.115_minimal.img.xz	4495989c942e700318ee8996f0bafe28ca1430df83f17b1d96d3ffebbc248119	c8673931c96c23c510dd29a28440e77f0b03286f	6a9a29372b9ef64baaf790b24ccad2f3b4ba6940a6ddfa932ddd8bb08171a633
bpi-m1super/bananapim1super/vendor/bookworm/xfce	整併候選	採用	/media/pi/SMCI/bpi/bananapi-release-c8673931c96c/bpi-m1super/Armbian-unofficial_26.11.0-trunk_Bananapim1super_bookworm_vendor_6.1.115_xfce_desktop.img.xz	87fefa024b6c4b6ac5530eb83f241b09394ee79060e5ca731d530e3fa92676ba	c8673931c96c23c510dd29a28440e77f0b03286f	6a9a29372b9ef64baaf790b24ccad2f3b4ba6940a6ddfa932ddd8bb08171a633
bpi-m1super/bananapim1super/vendor/jammy/minimal	整併候選	採用	/media/pi/SMCI/bpi/bananapi-release-c8673931c96c/bpi-m1super/Armbian-unofficial_26.11.0-trunk_Bananapim1super_jammy_vendor_6.1.115_minimal.img.xz	9b109a3144a1f89fffe2a34c0e27bcc2a3c7caf3ba927d48bd55b37b51ad1bf7	c8673931c96c23c510dd29a28440e77f0b03286f	6a9a29372b9ef64baaf790b24ccad2f3b4ba6940a6ddfa932ddd8bb08171a633
bpi-m1super/bananapim1super/vendor/jammy/xfce	整併候選	採用	/media/pi/SMCI/bpi/bananapi-release-c8673931c96c/bpi-m1super/Armbian-unofficial_26.11.0-trunk_Bananapim1super_jammy_vendor_6.1.115_xfce_desktop.img.xz	a9a65f8966285414b5aea18458115b10a05d77029d31ce45b6a743fa978c1ee5	c8673931c96c23c510dd29a28440e77f0b03286f	6a9a29372b9ef64baaf790b24ccad2f3b4ba6940a6ddfa932ddd8bb08171a633
bpi-m1super/bananapim1super/vendor/noble/minimal	整併候選	採用	/media/pi/SMCI/bpi/bananapi-release-c8673931c96c/bpi-m1super/Armbian-unofficial_26.11.0-trunk_Bananapim1super_noble_vendor_6.1.115_minimal.img.xz	34531c8688e6d04bdd3d49289a2ad656f238bc0cda538bf9cef66a3ed68b1bf3	c8673931c96c23c510dd29a28440e77f0b03286f	6a9a29372b9ef64baaf790b24ccad2f3b4ba6940a6ddfa932ddd8bb08171a633
bpi-m1super/bananapim1super/vendor/noble/xfce	整併候選	採用	/media/pi/SMCI/bpi/bananapi-release-c8673931c96c/bpi-m1super/Armbian-unofficial_26.11.0-trunk_Bananapim1super_noble_vendor_6.1.115_xfce_desktop.img.xz	adb3c858fd48dce41610298fee19ab60da38aeab5258c9a9d69f2ab5bcdc8d55	c8673931c96c23c510dd29a28440e77f0b03286f	6a9a29372b9ef64baaf790b24ccad2f3b4ba6940a6ddfa932ddd8bb08171a633
bpi-m1super/bananapim1super/vendor/resolute/minimal	整併候選	採用	/media/pi/SMCI/bpi/bananapi-release-c8673931c96c/bpi-m1super/Armbian-unofficial_26.11.0-trunk_Bananapim1super_resolute_vendor_6.1.115_minimal.img.xz	fce19e82d1a39de44f1d52062a27aac4c467976704e9025486f98ea16fd6ab34	c8673931c96c23c510dd29a28440e77f0b03286f	6a9a29372b9ef64baaf790b24ccad2f3b4ba6940a6ddfa932ddd8bb08171a633
bpi-m1super/bananapim1super/vendor/resolute/xfce	整併候選	採用	/media/pi/SMCI/bpi/bananapi-release-c8673931c96c/bpi-m1super/Armbian-unofficial_26.11.0-trunk_Bananapim1super_resolute_vendor_6.1.115_xfce_desktop.img.xz	a45ad5d2f1c8edb832a486d46138d55a171c01d3350909362a2996c51ae4a7d3	c8673931c96c23c510dd29a28440e77f0b03286f	6a9a29372b9ef64baaf790b24ccad2f3b4ba6940a6ddfa932ddd8bb08171a633
bpi-m1super/bananapim1super/vendor/trixie/minimal	整併候選	採用	/media/pi/SMCI/bpi/bananapi-release-c8673931c96c/bpi-m1super/Armbian-unofficial_26.11.0-trunk_Bananapim1super_trixie_vendor_6.1.115_minimal.img.xz	6d57c5988408f03f2bfba17ea5583f8346d2976869fda0554923a8eefdebe569	c8673931c96c23c510dd29a28440e77f0b03286f	6a9a29372b9ef64baaf790b24ccad2f3b4ba6940a6ddfa932ddd8bb08171a633
bpi-m1super/bananapim1super/vendor/trixie/xfce	整併候選	採用	/media/pi/SMCI/bpi/bananapi-release-c8673931c96c/bpi-m1super/Armbian-unofficial_26.11.0-trunk_Bananapim1super_trixie_vendor_6.1.115_xfce_desktop.img.xz	f9ae8ba86b38553003011e54f07543777d9b84804973dd7d7ce9b590d53ac020	c8673931c96c23c510dd29a28440e77f0b03286f	6a9a29372b9ef64baaf790b24ccad2f3b4ba6940a6ddfa932ddd8bb08171a633
bpi-m2/bananapim2/current/bookworm/minimal	整併候選	採用	/media/pi/SMCI/bpi/bananapi-release-c8673931c96c/bpi-m2/Armbian-unofficial_26.11.0-trunk_Bananapim2_bookworm_current_6.18.46_minimal.img.xz	f2c4d4618cf983985ea74cc0552642752e7a2400db796835f195cf5ff5bfbd97	c8673931c96c23c510dd29a28440e77f0b03286f	6a9a29372b9ef64baaf790b24ccad2f3b4ba6940a6ddfa932ddd8bb08171a633
bpi-m2/bananapim2/current/bookworm/xfce	整併候選	採用	/media/pi/SMCI/bpi/bananapi-release-c8673931c96c/bpi-m2/Armbian-unofficial_26.11.0-trunk_Bananapim2_bookworm_current_6.18.46_xfce_desktop.img.xz	8432425e19982081e665558f06cc39911ad74c845c4b1b877511b0c89767b485	c8673931c96c23c510dd29a28440e77f0b03286f	6a9a29372b9ef64baaf790b24ccad2f3b4ba6940a6ddfa932ddd8bb08171a633
bpi-m2/bananapim2/current/jammy/minimal	整併候選	採用	/media/pi/SMCI/bpi/bananapi-release-c8673931c96c/bpi-m2/Armbian-unofficial_26.11.0-trunk_Bananapim2_jammy_current_6.18.46_minimal.img.xz	45a4b48ecea26d09aa367e34d012108029a711ce18fd9774f7715b02f12a7208	c8673931c96c23c510dd29a28440e77f0b03286f	6a9a29372b9ef64baaf790b24ccad2f3b4ba6940a6ddfa932ddd8bb08171a633
bpi-m2/bananapim2/current/jammy/xfce	整併候選	採用	/media/pi/SMCI/bpi/bananapi-release-c8673931c96c/bpi-m2/Armbian-unofficial_26.11.0-trunk_Bananapim2_jammy_current_6.18.46_xfce_desktop.img.xz	9743b7e6e4deb586722f7f71f9ddb54c58ba657d94383eba3b33b84123318c85	c8673931c96c23c510dd29a28440e77f0b03286f	6a9a29372b9ef64baaf790b24ccad2f3b4ba6940a6ddfa932ddd8bb08171a633
bpi-m2/bananapim2/current/noble/minimal	整併候選	採用	/media/pi/SMCI/bpi/bananapi-release-c8673931c96c/bpi-m2/Armbian-unofficial_26.11.0-trunk_Bananapim2_noble_current_6.18.46_minimal.img.xz	79cab2a93137ab4304c6a2b51f582823d5182a17d05a03b9cba512cd14b396c4	c8673931c96c23c510dd29a28440e77f0b03286f	6a9a29372b9ef64baaf790b24ccad2f3b4ba6940a6ddfa932ddd8bb08171a633
bpi-m2/bananapim2/current/noble/xfce	整併候選	採用	/media/pi/SMCI/bpi/bananapi-release-c8673931c96c/bpi-m2/Armbian-unofficial_26.11.0-trunk_Bananapim2_noble_current_6.18.46_xfce_desktop.img.xz	ec53a0c244e397bf5bbbfb17f5167822e68d4661a024313e873b4da679fcbe50	c8673931c96c23c510dd29a28440e77f0b03286f	6a9a29372b9ef64baaf790b24ccad2f3b4ba6940a6ddfa932ddd8bb08171a633
bpi-m2/bananapim2/current/resolute/minimal	整併候選	採用	/media/pi/SMCI/bpi/bananapi-release-c8673931c96c/bpi-m2/Armbian-unofficial_26.11.0-trunk_Bananapim2_resolute_current_6.18.46_minimal.img.xz	67c0a3cb48a33865a0e1b4b79e6a690bb6b468f4d7efdbc7aecf1fc64128fc6b	c8673931c96c23c510dd29a28440e77f0b03286f	6a9a29372b9ef64baaf790b24ccad2f3b4ba6940a6ddfa932ddd8bb08171a633
bpi-m2/bananapim2/current/resolute/xfce	整併候選	採用	/media/pi/SMCI/bpi/bananapi-release-c8673931c96c/bpi-m2/Armbian-unofficial_26.11.0-trunk_Bananapim2_resolute_current_6.18.46_xfce_desktop.img.xz	148bd42917418c1b7e21c83efbf396c04947bb544ed08ae9c60c427ee115d835	c8673931c96c23c510dd29a28440e77f0b03286f	6a9a29372b9ef64baaf790b24ccad2f3b4ba6940a6ddfa932ddd8bb08171a633
bpi-m2/bananapim2/current/trixie/minimal	整併候選	採用	/media/pi/SMCI/bpi/bananapi-release-c8673931c96c/bpi-m2/Armbian-unofficial_26.11.0-trunk_Bananapim2_trixie_current_6.18.46_minimal.img.xz	cfa7a5815adc413760a24fb0276aaf628d97d096087be7ab9f787a22a7cca663	c8673931c96c23c510dd29a28440e77f0b03286f	6a9a29372b9ef64baaf790b24ccad2f3b4ba6940a6ddfa932ddd8bb08171a633
bpi-m2/bananapim2/current/trixie/xfce	整併候選	採用	/media/pi/SMCI/bpi/bananapi-release-c8673931c96c/bpi-m2/Armbian-unofficial_26.11.0-trunk_Bananapim2_trixie_current_6.18.46_xfce_desktop.img.xz	0d485b7d2d4e606252d7d1d02979cf410b6c90aba92270c9452bcc38e0122fe2	c8673931c96c23c510dd29a28440e77f0b03286f	6a9a29372b9ef64baaf790b24ccad2f3b4ba6940a6ddfa932ddd8bb08171a633
bpi-m2b/bananapim2berry/current/bookworm/minimal	整併候選	採用	/media/pi/SMCI/bpi/bananapi-release-c8673931c96c/bpi-m2b/Armbian-unofficial_26.11.0-trunk_Bananapim2berry_bookworm_current_6.18.46_minimal.img.xz	e7df3efb693e09fc95aae4e1fb2365c215a5a2a86cdabf94c3b612ea3f7e896d	c8673931c96c23c510dd29a28440e77f0b03286f	6a9a29372b9ef64baaf790b24ccad2f3b4ba6940a6ddfa932ddd8bb08171a633
bpi-m2b/bananapim2berry/current/bookworm/xfce	整併候選	採用	/media/pi/SMCI/bpi/bananapi-release-c8673931c96c/bpi-m2b/Armbian-unofficial_26.11.0-trunk_Bananapim2berry_bookworm_current_6.18.46_xfce_desktop.img.xz	65f6696428653f92f681396d0e88b8cf919ddc14656e71f2be7c3984655a38b5	c8673931c96c23c510dd29a28440e77f0b03286f	6a9a29372b9ef64baaf790b24ccad2f3b4ba6940a6ddfa932ddd8bb08171a633
bpi-m2b/bananapim2berry/current/jammy/minimal	整併候選	採用	/media/pi/SMCI/bpi/bananapi-release-c8673931c96c/bpi-m2b/Armbian-unofficial_26.11.0-trunk_Bananapim2berry_jammy_current_6.18.46_minimal.img.xz	aa6e08d0b5127c92d286660b3fb45a7daa2036498cc64137bbdce3c524799529	c8673931c96c23c510dd29a28440e77f0b03286f	6a9a29372b9ef64baaf790b24ccad2f3b4ba6940a6ddfa932ddd8bb08171a633
bpi-m2b/bananapim2berry/current/jammy/xfce	整併候選	採用	/media/pi/SMCI/bpi/bananapi-release-c8673931c96c/bpi-m2b/Armbian-unofficial_26.11.0-trunk_Bananapim2berry_jammy_current_6.18.46_xfce_desktop.img.xz	68ed8d2177fb41f54f95b4b2ee97faf6ee0433aedf9078fba9448858641aae05	c8673931c96c23c510dd29a28440e77f0b03286f	6a9a29372b9ef64baaf790b24ccad2f3b4ba6940a6ddfa932ddd8bb08171a633
bpi-m2b/bananapim2berry/current/noble/minimal	整併候選	採用	/media/pi/SMCI/bpi/bananapi-release-c8673931c96c/bpi-m2b/Armbian-unofficial_26.11.0-trunk_Bananapim2berry_noble_current_6.18.46_minimal.img.xz	d4ec98d5bde55d243ef0010b48ea67ef9253edda2df1497caa95debdef71a1b4	c8673931c96c23c510dd29a28440e77f0b03286f	6a9a29372b9ef64baaf790b24ccad2f3b4ba6940a6ddfa932ddd8bb08171a633
bpi-m2b/bananapim2berry/current/noble/xfce	整併候選	採用	/media/pi/SMCI/bpi/bananapi-release-c8673931c96c/bpi-m2b/Armbian-unofficial_26.11.0-trunk_Bananapim2berry_noble_current_6.18.46_xfce_desktop.img.xz	e2cf58a902496ac83f3318960b41437813955de48e7efa5cec064b20b61a2768	c8673931c96c23c510dd29a28440e77f0b03286f	6a9a29372b9ef64baaf790b24ccad2f3b4ba6940a6ddfa932ddd8bb08171a633
bpi-m2b/bananapim2berry/current/resolute/minimal	整併候選	採用	/media/pi/SMCI/bpi/bananapi-release-c8673931c96c/bpi-m2b/Armbian-unofficial_26.11.0-trunk_Bananapim2berry_resolute_current_6.18.46_minimal.img.xz	a84d44650308e01a3b56dee9277adbab05851c5ef0d69a126e06354acd16c4f4	c8673931c96c23c510dd29a28440e77f0b03286f	6a9a29372b9ef64baaf790b24ccad2f3b4ba6940a6ddfa932ddd8bb08171a633
bpi-m2b/bananapim2berry/current/resolute/xfce	整併候選	採用	/media/pi/SMCI/bpi/bananapi-release-c8673931c96c/bpi-m2b/Armbian-unofficial_26.11.0-trunk_Bananapim2berry_resolute_current_6.18.46_xfce_desktop.img.xz	2018c85e66382a6f6682b0beefb9baeaf167a751bb6eb06267a1879c4bcdfbe3	c8673931c96c23c510dd29a28440e77f0b03286f	6a9a29372b9ef64baaf790b24ccad2f3b4ba6940a6ddfa932ddd8bb08171a633
bpi-m2b/bananapim2berry/current/trixie/minimal	整併候選	採用	/media/pi/SMCI/bpi/bananapi-release-c8673931c96c/bpi-m2b/Armbian-unofficial_26.11.0-trunk_Bananapim2berry_trixie_current_6.18.46_minimal.img.xz	fc54e7bc09aa3d929b6095a68ebade0f0a7e9144d1df15ff2d63201de3d53b13	c8673931c96c23c510dd29a28440e77f0b03286f	6a9a29372b9ef64baaf790b24ccad2f3b4ba6940a6ddfa932ddd8bb08171a633
bpi-m2b/bananapim2berry/current/trixie/xfce	整併候選	採用	/media/pi/SMCI/bpi/bananapi-release-c8673931c96c/bpi-m2b/Armbian-unofficial_26.11.0-trunk_Bananapim2berry_trixie_current_6.18.46_xfce_desktop.img.xz	54cefd1b6ecd1defa526c6e0a21bc09ec2d957d72cad5700c3dc089fab238036	c8673931c96c23c510dd29a28440e77f0b03286f	6a9a29372b9ef64baaf790b24ccad2f3b4ba6940a6ddfa932ddd8bb08171a633
bpi-m2m/bananapim2magic/current/bookworm/minimal	整併候選	採用	/media/pi/SMCI/bpi/bananapi-release-c8673931c96c/bpi-m2m/Armbian-unofficial_26.11.0-trunk_Bananapim2magic_bookworm_current_6.18.46_minimal.img.xz	7e43772652edd713fb0ebb2295fa73d7b2b0366dd4f57cad17b429bd3a786a71	c8673931c96c23c510dd29a28440e77f0b03286f	6a9a29372b9ef64baaf790b24ccad2f3b4ba6940a6ddfa932ddd8bb08171a633
bpi-m2m/bananapim2magic/current/bookworm/xfce	整併候選	採用	/media/pi/SMCI/bpi/bananapi-release-c8673931c96c/bpi-m2m/Armbian-unofficial_26.11.0-trunk_Bananapim2magic_bookworm_current_6.18.46_xfce_desktop.img.xz	6f6a1fb7871e5823dfd0d31e05340d5dcd146cf08aa6e2610fe734576b9858c6	c8673931c96c23c510dd29a28440e77f0b03286f	6a9a29372b9ef64baaf790b24ccad2f3b4ba6940a6ddfa932ddd8bb08171a633
bpi-m2m/bananapim2magic/current/jammy/minimal	整併候選	採用	/media/pi/SMCI/bpi/bananapi-release-c8673931c96c/bpi-m2m/Armbian-unofficial_26.11.0-trunk_Bananapim2magic_jammy_current_6.18.46_minimal.img.xz	08567959a76cc9f9a63fe61778b415cf4d6c25b609248ca03fa776462ac802a2	c8673931c96c23c510dd29a28440e77f0b03286f	6a9a29372b9ef64baaf790b24ccad2f3b4ba6940a6ddfa932ddd8bb08171a633
bpi-m2m/bananapim2magic/current/jammy/xfce	整併候選	採用	/media/pi/SMCI/bpi/bananapi-release-c8673931c96c/bpi-m2m/Armbian-unofficial_26.11.0-trunk_Bananapim2magic_jammy_current_6.18.46_xfce_desktop.img.xz	995d4fddbfc02b206150b4c73273c87f427ae31d88a7325b88e11c155878c9e2	c8673931c96c23c510dd29a28440e77f0b03286f	6a9a29372b9ef64baaf790b24ccad2f3b4ba6940a6ddfa932ddd8bb08171a633
bpi-m2m/bananapim2magic/current/noble/minimal	整併候選	採用	/media/pi/SMCI/bpi/bananapi-release-c8673931c96c/bpi-m2m/Armbian-unofficial_26.11.0-trunk_Bananapim2magic_noble_current_6.18.46_minimal.img.xz	faebeb38f1bc6a5ce9190d6d35891dc443e2d075acf9a32ee35bc90fbcb20e7c	c8673931c96c23c510dd29a28440e77f0b03286f	6a9a29372b9ef64baaf790b24ccad2f3b4ba6940a6ddfa932ddd8bb08171a633
bpi-m2m/bananapim2magic/current/noble/xfce	整併候選	採用	/media/pi/SMCI/bpi/bananapi-release-c8673931c96c/bpi-m2m/Armbian-unofficial_26.11.0-trunk_Bananapim2magic_noble_current_6.18.46_xfce_desktop.img.xz	2a2f0bd5e00dfef004a26a7a311f75fbd73d5a3eb49b27baa8c80496fcb765c2	c8673931c96c23c510dd29a28440e77f0b03286f	6a9a29372b9ef64baaf790b24ccad2f3b4ba6940a6ddfa932ddd8bb08171a633
bpi-m2m/bananapim2magic/current/resolute/minimal	整併候選	採用	/media/pi/SMCI/bpi/bananapi-release-c8673931c96c/bpi-m2m/Armbian-unofficial_26.11.0-trunk_Bananapim2magic_resolute_current_6.18.46_minimal.img.xz	54bd242c27f332f62d5f9ce804c8f96c11733a06b17c24626f82e2247607def7	c8673931c96c23c510dd29a28440e77f0b03286f	6a9a29372b9ef64baaf790b24ccad2f3b4ba6940a6ddfa932ddd8bb08171a633
bpi-m2m/bananapim2magic/current/resolute/xfce	整併候選	採用	/media/pi/SMCI/bpi/bananapi-release-c8673931c96c/bpi-m2m/Armbian-unofficial_26.11.0-trunk_Bananapim2magic_resolute_current_6.18.46_xfce_desktop.img.xz	40f9b8fc079557a4e74082d69d378dd43216ecbdd477bdabae42b2f66eb1505e	c8673931c96c23c510dd29a28440e77f0b03286f	6a9a29372b9ef64baaf790b24ccad2f3b4ba6940a6ddfa932ddd8bb08171a633
bpi-m2m/bananapim2magic/current/trixie/minimal	整併候選	採用	/media/pi/SMCI/bpi/bananapi-release-c8673931c96c/bpi-m2m/Armbian-unofficial_26.11.0-trunk_Bananapim2magic_trixie_current_6.18.46_minimal.img.xz	91451b5ff20143251bd1551c8cff079fbb076194f3829fc5bfb796bed3191097	c8673931c96c23c510dd29a28440e77f0b03286f	6a9a29372b9ef64baaf790b24ccad2f3b4ba6940a6ddfa932ddd8bb08171a633
bpi-m2m/bananapim2magic/current/trixie/xfce	整併候選	採用	/media/pi/SMCI/bpi/bananapi-release-c8673931c96c/bpi-m2m/Armbian-unofficial_26.11.0-trunk_Bananapim2magic_trixie_current_6.18.46_xfce_desktop.img.xz	867919aa619969730a941e6bc82b107f427ab2839887acf1040980892d87f9a9	c8673931c96c23c510dd29a28440e77f0b03286f	6a9a29372b9ef64baaf790b24ccad2f3b4ba6940a6ddfa932ddd8bb08171a633
bpi-m2p/bananapim2plus/current/bookworm/minimal	整併候選	採用	/media/pi/SMCI/bpi/bananapi-release-c8673931c96c/bpi-m2p/Armbian-unofficial_26.11.0-trunk_Bananapim2plus_bookworm_current_6.18.49_minimal.img.xz	caece4a763e03b5e72171af3131e90f1cf7a75424c9ab45c9177907bf1a7e069	c8673931c96c23c510dd29a28440e77f0b03286f	6a9a29372b9ef64baaf790b24ccad2f3b4ba6940a6ddfa932ddd8bb08171a633
bpi-m2p/bananapim2plus/current/bookworm/xfce	整併候選	採用	/media/pi/SMCI/bpi/bananapi-release-c8673931c96c/bpi-m2p/Armbian-unofficial_26.11.0-trunk_Bananapim2plus_bookworm_current_6.18.49_xfce_desktop.img.xz	3985f35eb7871db7e621049c8779a11d13bec3750a84ed91a7e78320357b1f4f	c8673931c96c23c510dd29a28440e77f0b03286f	6a9a29372b9ef64baaf790b24ccad2f3b4ba6940a6ddfa932ddd8bb08171a633
bpi-m2p/bananapim2plus/current/jammy/minimal	整併候選	採用	/media/pi/SMCI/bpi/bananapi-release-c8673931c96c/bpi-m2p/Armbian-unofficial_26.11.0-trunk_Bananapim2plus_jammy_current_6.18.49_minimal.img.xz	a6c1c07b5ca4e3258c9a954f35411a86dbc946899c6986f03edb9494a001d35c	c8673931c96c23c510dd29a28440e77f0b03286f	6a9a29372b9ef64baaf790b24ccad2f3b4ba6940a6ddfa932ddd8bb08171a633
bpi-m2p/bananapim2plus/current/jammy/xfce	整併候選	採用	/media/pi/SMCI/bpi/bananapi-release-c8673931c96c/bpi-m2p/Armbian-unofficial_26.11.0-trunk_Bananapim2plus_jammy_current_6.18.49_xfce_desktop.img.xz	f2b8ec505ff048f160cc63b2e4035bc283de2fb03085a1b50a456efbc0647c2d	c8673931c96c23c510dd29a28440e77f0b03286f	6a9a29372b9ef64baaf790b24ccad2f3b4ba6940a6ddfa932ddd8bb08171a633
bpi-m2p/bananapim2plus/current/noble/minimal	整併候選	採用	/media/pi/SMCI/bpi/bananapi-release-c8673931c96c/bpi-m2p/Armbian-unofficial_26.11.0-trunk_Bananapim2plus_noble_current_6.18.49_minimal.img.xz	14bbdb6e170f31f9a4cd70bba673b8677bfe8540db2940b6b2f2ddfca017f302	c8673931c96c23c510dd29a28440e77f0b03286f	6a9a29372b9ef64baaf790b24ccad2f3b4ba6940a6ddfa932ddd8bb08171a633
bpi-m2p/bananapim2plus/current/noble/xfce	整併候選	採用	/media/pi/SMCI/bpi/bananapi-release-c8673931c96c/bpi-m2p/Armbian-unofficial_26.11.0-trunk_Bananapim2plus_noble_current_6.18.49_xfce_desktop.img.xz	438ca69d934e1515add7cdf1304cd8f6b6ae19001a74434918ce85dd015949a8	c8673931c96c23c510dd29a28440e77f0b03286f	6a9a29372b9ef64baaf790b24ccad2f3b4ba6940a6ddfa932ddd8bb08171a633
bpi-m2p/bananapim2plus/current/resolute/minimal	整併候選	採用	/media/pi/SMCI/bpi/bananapi-release-c8673931c96c/bpi-m2p/Armbian-unofficial_26.11.0-trunk_Bananapim2plus_resolute_current_6.18.49_minimal.img.xz	d5940445ec9bd06cdaafb7d0d28e4233188ad637b81fc81ee8b8f323e1e718c9	c8673931c96c23c510dd29a28440e77f0b03286f	6a9a29372b9ef64baaf790b24ccad2f3b4ba6940a6ddfa932ddd8bb08171a633
bpi-m2p/bananapim2plus/current/resolute/xfce	整併候選	採用	/media/pi/SMCI/bpi/bananapi-release-c8673931c96c/bpi-m2p/Armbian-unofficial_26.11.0-trunk_Bananapim2plus_resolute_current_6.18.49_xfce_desktop.img.xz	d25962a805f13a85486ebd9435adbdeca29f2059b221c30f66c510f090cb1386	c8673931c96c23c510dd29a28440e77f0b03286f	6a9a29372b9ef64baaf790b24ccad2f3b4ba6940a6ddfa932ddd8bb08171a633
bpi-m2p/bananapim2plus/current/trixie/minimal	整併候選	採用	/media/pi/SMCI/bpi/bananapi-release-c8673931c96c/bpi-m2p/Armbian-unofficial_26.11.0-trunk_Bananapim2plus_trixie_current_6.18.49_minimal.img.xz	c0d5708e69cecb95ab2e8f62354272e004b06aa37f451d4e91ff1f0b144763a2	c8673931c96c23c510dd29a28440e77f0b03286f	6a9a29372b9ef64baaf790b24ccad2f3b4ba6940a6ddfa932ddd8bb08171a633
bpi-m2p/bananapim2plus/current/trixie/xfce	整併候選	採用	/media/pi/SMCI/bpi/bananapi-release-c8673931c96c/bpi-m2p/Armbian-unofficial_26.11.0-trunk_Bananapim2plus_trixie_current_6.18.49_xfce_desktop.img.xz	b5ac26717ae063f4a9470ac5f9711215a4858ac7c42f91f399b59f5d87f357d2	c8673931c96c23c510dd29a28440e77f0b03286f	6a9a29372b9ef64baaf790b24ccad2f3b4ba6940a6ddfa932ddd8bb08171a633
bpi-m2pro/bananapim2pro/current/bookworm/minimal	整併候選	採用	/media/pi/SMCI/bpi/bananapi-release-c8673931c96c/bpi-m2pro/Armbian-unofficial_26.11.0-trunk_Bananapim2pro_bookworm_current_6.18.49_minimal.img.xz	1f49d83b8500b915aeb7ca39dac1b90f60618d7c3adb3eb30b43b1572dfe6f66	c8673931c96c23c510dd29a28440e77f0b03286f	6a9a29372b9ef64baaf790b24ccad2f3b4ba6940a6ddfa932ddd8bb08171a633
bpi-m2pro/bananapim2pro/current/bookworm/xfce	整併候選	採用	/media/pi/SMCI/bpi/bananapi-release-c8673931c96c/bpi-m2pro/Armbian-unofficial_26.11.0-trunk_Bananapim2pro_bookworm_current_6.18.49_xfce_desktop.img.xz	92ea517476ca26f7c43022aafaa0421c3644b28cea6c5caa0da580a1c305dff0	c8673931c96c23c510dd29a28440e77f0b03286f	6a9a29372b9ef64baaf790b24ccad2f3b4ba6940a6ddfa932ddd8bb08171a633
bpi-m2pro/bananapim2pro/current/jammy/minimal	整併候選	採用	/media/pi/SMCI/bpi/bananapi-release-c8673931c96c/bpi-m2pro/Armbian-unofficial_26.11.0-trunk_Bananapim2pro_jammy_current_6.18.49_minimal.img.xz	94785d1983ff03d1bd5d2b31080f0517a6313439786c6a07b391dee25b6661c0	c8673931c96c23c510dd29a28440e77f0b03286f	6a9a29372b9ef64baaf790b24ccad2f3b4ba6940a6ddfa932ddd8bb08171a633
bpi-m2pro/bananapim2pro/current/jammy/xfce	整併候選	採用	/media/pi/SMCI/bpi/bananapi-release-c8673931c96c/bpi-m2pro/Armbian-unofficial_26.11.0-trunk_Bananapim2pro_jammy_current_6.18.49_xfce_desktop.img.xz	b96ff9eab9ad87511bc80db54fcfaf12d9b54c1bcef4a75f72de89d45d8f1191	c8673931c96c23c510dd29a28440e77f0b03286f	6a9a29372b9ef64baaf790b24ccad2f3b4ba6940a6ddfa932ddd8bb08171a633
bpi-m2pro/bananapim2pro/current/noble/minimal	整併候選	採用	/media/pi/SMCI/bpi/bananapi-release-c8673931c96c/bpi-m2pro/Armbian-unofficial_26.11.0-trunk_Bananapim2pro_noble_current_6.18.49_minimal.img.xz	3d8aab61358c737d547c9bdc7e85237bfddd8b09d680bcc33bd172cdc9ff076e	c8673931c96c23c510dd29a28440e77f0b03286f	6a9a29372b9ef64baaf790b24ccad2f3b4ba6940a6ddfa932ddd8bb08171a633
bpi-m2pro/bananapim2pro/current/noble/xfce	整併候選	採用	/media/pi/SMCI/bpi/bananapi-release-c8673931c96c/bpi-m2pro/Armbian-unofficial_26.11.0-trunk_Bananapim2pro_noble_current_6.18.49_xfce_desktop.img.xz	8dc1ffe1dee5339f24ab3b79e4d06cc4f5e5a0a48d898278c9de390ae484368b	c8673931c96c23c510dd29a28440e77f0b03286f	6a9a29372b9ef64baaf790b24ccad2f3b4ba6940a6ddfa932ddd8bb08171a633
bpi-m2pro/bananapim2pro/current/resolute/minimal	整併候選	採用	/media/pi/SMCI/bpi/bananapi-release-c8673931c96c/bpi-m2pro/Armbian-unofficial_26.11.0-trunk_Bananapim2pro_resolute_current_6.18.49_minimal.img.xz	5815a03091745a07fe3c2273dd55f47c08e369c9df2ab0369afbd0768e6d571d	c8673931c96c23c510dd29a28440e77f0b03286f	6a9a29372b9ef64baaf790b24ccad2f3b4ba6940a6ddfa932ddd8bb08171a633
bpi-m2pro/bananapim2pro/current/resolute/xfce	整併候選	採用	/media/pi/SMCI/bpi/bananapi-release-c8673931c96c/bpi-m2pro/Armbian-unofficial_26.11.0-trunk_Bananapim2pro_resolute_current_6.18.49_xfce_desktop.img.xz	5cc86144525bf476140bec677ca6bdc35d5b4b71e344eadc708d121df6ab9948	c8673931c96c23c510dd29a28440e77f0b03286f	6a9a29372b9ef64baaf790b24ccad2f3b4ba6940a6ddfa932ddd8bb08171a633
bpi-m2pro/bananapim2pro/current/trixie/minimal	整併候選	採用	/media/pi/SMCI/bpi/bananapi-release-c8673931c96c/bpi-m2pro/Armbian-unofficial_26.11.0-trunk_Bananapim2pro_trixie_current_6.18.49_minimal.img.xz	00171ede29052de70efc7eae6c4bc8297fcb8b48146dfebb86875ade01666815	c8673931c96c23c510dd29a28440e77f0b03286f	6a9a29372b9ef64baaf790b24ccad2f3b4ba6940a6ddfa932ddd8bb08171a633
bpi-m2pro/bananapim2pro/current/trixie/xfce	整併候選	採用	/media/pi/SMCI/bpi/bananapi-release-c8673931c96c/bpi-m2pro/Armbian-unofficial_26.11.0-trunk_Bananapim2pro_trixie_current_6.18.49_xfce_desktop.img.xz	8f3cdca86035ab49cb0b63d9a05c9541c33d122ede6b2e1f6063ecd15c387616	c8673931c96c23c510dd29a28440e77f0b03286f	6a9a29372b9ef64baaf790b24ccad2f3b4ba6940a6ddfa932ddd8bb08171a633
bpi-m2s/bananapim2s/current/bookworm/minimal	整併候選	採用	/media/pi/SMCI/bpi/bananapi-release-c8673931c96c/bpi-m2s/Armbian-unofficial_26.11.0-trunk_Bananapim2s_bookworm_current_6.18.49_minimal.img.xz	b51c7b8adb16dcda6ecc8dcf84ac8a9d10a4a6ac113aa5442f1f984f27da55bd	c8673931c96c23c510dd29a28440e77f0b03286f	6a9a29372b9ef64baaf790b24ccad2f3b4ba6940a6ddfa932ddd8bb08171a633
bpi-m2s/bananapim2s/current/bookworm/xfce	整併候選	採用	/media/pi/SMCI/bpi/bananapi-release-c8673931c96c/bpi-m2s/Armbian-unofficial_26.11.0-trunk_Bananapim2s_bookworm_current_6.18.49_xfce_desktop.img.xz	ad3d959585d229fcd06867c5a254bcd99c18b58cc849eeb3290ac9bbd653c6c8	c8673931c96c23c510dd29a28440e77f0b03286f	6a9a29372b9ef64baaf790b24ccad2f3b4ba6940a6ddfa932ddd8bb08171a633
bpi-m2s/bananapim2s/current/jammy/minimal	整併候選	採用	/media/pi/SMCI/bpi/bananapi-release-c8673931c96c/bpi-m2s/Armbian-unofficial_26.11.0-trunk_Bananapim2s_jammy_current_6.18.49_minimal.img.xz	4b429fabab23ecbccf239edf3cb3ebbfd941dd58052cd2247d61adb0b6ed5b3a	c8673931c96c23c510dd29a28440e77f0b03286f	6a9a29372b9ef64baaf790b24ccad2f3b4ba6940a6ddfa932ddd8bb08171a633
bpi-m2s/bananapim2s/current/jammy/xfce	整併候選	採用	/media/pi/SMCI/bpi/bananapi-release-c8673931c96c/bpi-m2s/Armbian-unofficial_26.11.0-trunk_Bananapim2s_jammy_current_6.18.49_xfce_desktop.img.xz	37b2c7cf79dd7a50fcadf1136f8f74c09f95fd35f8939f9f721a3fcb3b48d602	c8673931c96c23c510dd29a28440e77f0b03286f	6a9a29372b9ef64baaf790b24ccad2f3b4ba6940a6ddfa932ddd8bb08171a633
bpi-m2s/bananapim2s/current/noble/minimal	整併候選	採用	/media/pi/SMCI/bpi/bananapi-release-c8673931c96c/bpi-m2s/Armbian-unofficial_26.11.0-trunk_Bananapim2s_noble_current_6.18.49_minimal.img.xz	e051220eab961a2e2dcd80ac6059804cb3ca803c7e5108310607ce733fb7bd21	c8673931c96c23c510dd29a28440e77f0b03286f	6a9a29372b9ef64baaf790b24ccad2f3b4ba6940a6ddfa932ddd8bb08171a633
bpi-m2s/bananapim2s/current/noble/xfce	整併候選	採用	/media/pi/SMCI/bpi/bananapi-release-c8673931c96c/bpi-m2s/Armbian-unofficial_26.11.0-trunk_Bananapim2s_noble_current_6.18.49_xfce_desktop.img.xz	bc46568961efc7bf39a864913fef159ff437da7467613c2c3afb68079b353249	c8673931c96c23c510dd29a28440e77f0b03286f	6a9a29372b9ef64baaf790b24ccad2f3b4ba6940a6ddfa932ddd8bb08171a633
bpi-m2s/bananapim2s/current/resolute/minimal	整併候選	採用	/media/pi/SMCI/bpi/bananapi-release-c8673931c96c/bpi-m2s/Armbian-unofficial_26.11.0-trunk_Bananapim2s_resolute_current_6.18.49_minimal.img.xz	1a0ebec978c08e2fc760fa197433708dd26a4a4af09061d835a0a2bc46fa95aa	c8673931c96c23c510dd29a28440e77f0b03286f	6a9a29372b9ef64baaf790b24ccad2f3b4ba6940a6ddfa932ddd8bb08171a633
bpi-m2s/bananapim2s/current/resolute/xfce	整併候選	採用	/media/pi/SMCI/bpi/bananapi-release-c8673931c96c/bpi-m2s/Armbian-unofficial_26.11.0-trunk_Bananapim2s_resolute_current_6.18.49_xfce_desktop.img.xz	e030d938bfa8c93a77aadcdffd53ce79e113ff68dc483a0b40d88572722c54fd	c8673931c96c23c510dd29a28440e77f0b03286f	6a9a29372b9ef64baaf790b24ccad2f3b4ba6940a6ddfa932ddd8bb08171a633
bpi-m2s/bananapim2s/current/trixie/minimal	整併候選	採用	/media/pi/SMCI/bpi/bananapi-release-c8673931c96c/bpi-m2s/Armbian-unofficial_26.11.0-trunk_Bananapim2s_trixie_current_6.18.49_minimal.img.xz	85000f978f282f771f5b73cd11b50013920ebab3fc8c67238369fd13950dc752	c8673931c96c23c510dd29a28440e77f0b03286f	6a9a29372b9ef64baaf790b24ccad2f3b4ba6940a6ddfa932ddd8bb08171a633
bpi-m2s/bananapim2s/current/trixie/xfce	整併候選	採用	/media/pi/SMCI/bpi/bananapi-release-c8673931c96c/bpi-m2s/Armbian-unofficial_26.11.0-trunk_Bananapim2s_trixie_current_6.18.49_xfce_desktop.img.xz	1c4bc9835d2efcf0e64bc110bd8a18ee9f959427a366b5699250b25c6ac6da70	c8673931c96c23c510dd29a28440e77f0b03286f	6a9a29372b9ef64baaf790b24ccad2f3b4ba6940a6ddfa932ddd8bb08171a633
bpi-m2u/bananapim2ultra/current/bookworm/minimal	整併候選	採用	/media/pi/SMCI/bpi/bananapi-release-c8673931c96c/bpi-m2u/Armbian-unofficial_26.11.0-trunk_Bananapim2ultra_bookworm_current_6.18.46_minimal.img.xz	5636ac087b4fae304a35544418f28ff30fe9c55e876add6dbd6f1fdddaea0fbd	c8673931c96c23c510dd29a28440e77f0b03286f	6a9a29372b9ef64baaf790b24ccad2f3b4ba6940a6ddfa932ddd8bb08171a633
bpi-m2u/bananapim2ultra/current/bookworm/xfce	整併候選	採用	/media/pi/SMCI/bpi/bananapi-release-c8673931c96c/bpi-m2u/Armbian-unofficial_26.11.0-trunk_Bananapim2ultra_bookworm_current_6.18.46_xfce_desktop.img.xz	3a1c124ad7f5a7112b66004febdcfb119b5ae290b319f157f05179daf1d3f406	c8673931c96c23c510dd29a28440e77f0b03286f	6a9a29372b9ef64baaf790b24ccad2f3b4ba6940a6ddfa932ddd8bb08171a633
bpi-m2u/bananapim2ultra/current/jammy/minimal	整併候選	採用	/media/pi/SMCI/bpi/bananapi-release-c8673931c96c/bpi-m2u/Armbian-unofficial_26.11.0-trunk_Bananapim2ultra_jammy_current_6.18.46_minimal.img.xz	4cc0fe37884d96e455f19260d463db1680aac0fb93206472d7c1d65b8208ffbb	c8673931c96c23c510dd29a28440e77f0b03286f	6a9a29372b9ef64baaf790b24ccad2f3b4ba6940a6ddfa932ddd8bb08171a633
bpi-m2u/bananapim2ultra/current/jammy/xfce	整併候選	採用	/media/pi/SMCI/bpi/bananapi-release-c8673931c96c/bpi-m2u/Armbian-unofficial_26.11.0-trunk_Bananapim2ultra_jammy_current_6.18.46_xfce_desktop.img.xz	02a059c6c503c6c0fc50a920315fd311fd96398702a7147008edc7d95a561b4b	c8673931c96c23c510dd29a28440e77f0b03286f	6a9a29372b9ef64baaf790b24ccad2f3b4ba6940a6ddfa932ddd8bb08171a633
bpi-m2u/bananapim2ultra/current/noble/minimal	整併候選	採用	/media/pi/SMCI/bpi/bananapi-release-c8673931c96c/bpi-m2u/Armbian-unofficial_26.11.0-trunk_Bananapim2ultra_noble_current_6.18.46_minimal.img.xz	874b8c7033e6502af61743950fb5cf9bd165e3852a8a39e24fb83284410f4a7a	c8673931c96c23c510dd29a28440e77f0b03286f	6a9a29372b9ef64baaf790b24ccad2f3b4ba6940a6ddfa932ddd8bb08171a633
bpi-m2u/bananapim2ultra/current/noble/xfce	整併候選	採用	/media/pi/SMCI/bpi/bananapi-release-c8673931c96c/bpi-m2u/Armbian-unofficial_26.11.0-trunk_Bananapim2ultra_noble_current_6.18.46_xfce_desktop.img.xz	453d283d8bdb705d2a6a8c3ef9960c517f0712402e6372b98954af56d799496f	c8673931c96c23c510dd29a28440e77f0b03286f	6a9a29372b9ef64baaf790b24ccad2f3b4ba6940a6ddfa932ddd8bb08171a633
bpi-m2u/bananapim2ultra/current/resolute/minimal	整併候選	採用	/media/pi/SMCI/bpi/bananapi-release-c8673931c96c/bpi-m2u/Armbian-unofficial_26.11.0-trunk_Bananapim2ultra_resolute_current_6.18.46_minimal.img.xz	70dedd264efc383a17403657fa127e06027c99c3605458faad9bb887dfe6972d	c8673931c96c23c510dd29a28440e77f0b03286f	6a9a29372b9ef64baaf790b24ccad2f3b4ba6940a6ddfa932ddd8bb08171a633
bpi-m2u/bananapim2ultra/current/resolute/xfce	整併候選	採用	/media/pi/SMCI/bpi/bananapi-release-c8673931c96c/bpi-m2u/Armbian-unofficial_26.11.0-trunk_Bananapim2ultra_resolute_current_6.18.46_xfce_desktop.img.xz	0b566bf92e1f7906fcf3cbe76c863c9a052b21b1ed5d730e37099fe40183000b	c8673931c96c23c510dd29a28440e77f0b03286f	6a9a29372b9ef64baaf790b24ccad2f3b4ba6940a6ddfa932ddd8bb08171a633
bpi-m2u/bananapim2ultra/current/trixie/minimal	整併候選	採用	/media/pi/SMCI/bpi/bananapi-release-c8673931c96c/bpi-m2u/Armbian-unofficial_26.11.0-trunk_Bananapim2ultra_trixie_current_6.18.46_minimal.img.xz	3aba8071b916e13fbd8749e6efa34f3f55d9ea80da84f9847e08a47a042166d7	c8673931c96c23c510dd29a28440e77f0b03286f	6a9a29372b9ef64baaf790b24ccad2f3b4ba6940a6ddfa932ddd8bb08171a633
bpi-m2u/bananapim2ultra/current/trixie/xfce	整併候選	採用	/media/pi/SMCI/bpi/bananapi-release-c8673931c96c/bpi-m2u/Armbian-unofficial_26.11.0-trunk_Bananapim2ultra_trixie_current_6.18.46_xfce_desktop.img.xz	177896c0074b4243b9ee471e1c32590e9819a8d11e32c80d3e8afcb3ee1bd885	c8673931c96c23c510dd29a28440e77f0b03286f	6a9a29372b9ef64baaf790b24ccad2f3b4ba6940a6ddfa932ddd8bb08171a633
bpi-m2z/bananapim2zero/current/bookworm/minimal	整併候選	採用	/media/pi/SMCI/bpi/bananapi-release-c8673931c96c/bpi-m2z/Armbian-unofficial_26.11.0-trunk_Bananapim2zero_bookworm_current_6.18.49_minimal.img.xz	fc9b1e1a574d9506aa0baca67ae77afef8c84ddf46c8641b7721b9d8b9f877b1	c8673931c96c23c510dd29a28440e77f0b03286f	6a9a29372b9ef64baaf790b24ccad2f3b4ba6940a6ddfa932ddd8bb08171a633
bpi-m2z/bananapim2zero/current/bookworm/xfce	整併候選	採用	/media/pi/SMCI/bpi/bananapi-release-c8673931c96c/bpi-m2z/Armbian-unofficial_26.11.0-trunk_Bananapim2zero_bookworm_current_6.18.49_xfce_desktop.img.xz	da919efd062fbd4eb958f6c80eeeff61c04795395ac10d35e850e561f456d240	c8673931c96c23c510dd29a28440e77f0b03286f	6a9a29372b9ef64baaf790b24ccad2f3b4ba6940a6ddfa932ddd8bb08171a633
bpi-m2z/bananapim2zero/current/jammy/minimal	整併候選	採用	/media/pi/SMCI/bpi/bananapi-release-c8673931c96c/bpi-m2z/Armbian-unofficial_26.11.0-trunk_Bananapim2zero_jammy_current_6.18.49_minimal.img.xz	b809bc1650a40919a156da309e01fe067bf2500eda3345eeb51239099fd689f5	c8673931c96c23c510dd29a28440e77f0b03286f	6a9a29372b9ef64baaf790b24ccad2f3b4ba6940a6ddfa932ddd8bb08171a633
bpi-m2z/bananapim2zero/current/jammy/xfce	整併候選	採用	/media/pi/SMCI/bpi/bananapi-release-c8673931c96c/bpi-m2z/Armbian-unofficial_26.11.0-trunk_Bananapim2zero_jammy_current_6.18.49_xfce_desktop.img.xz	a20c73a867c28a18fecdf087c643baccd200c86a3b711d270d8f301b0160f422	c8673931c96c23c510dd29a28440e77f0b03286f	6a9a29372b9ef64baaf790b24ccad2f3b4ba6940a6ddfa932ddd8bb08171a633
bpi-m2z/bananapim2zero/current/noble/minimal	整併候選	採用	/media/pi/SMCI/bpi/bananapi-release-c8673931c96c/bpi-m2z/Armbian-unofficial_26.11.0-trunk_Bananapim2zero_noble_current_6.18.49_minimal.img.xz	949ac51382b6911f633f4c9e56d79239bbec00b06b508fc4e52509b12c22859b	c8673931c96c23c510dd29a28440e77f0b03286f	6a9a29372b9ef64baaf790b24ccad2f3b4ba6940a6ddfa932ddd8bb08171a633
bpi-m2z/bananapim2zero/current/noble/xfce	整併候選	採用	/media/pi/SMCI/bpi/bananapi-release-c8673931c96c/bpi-m2z/Armbian-unofficial_26.11.0-trunk_Bananapim2zero_noble_current_6.18.49_xfce_desktop.img.xz	2cb5da1f7da262711b0e87dfb5536195cf104ff1c8b1d132e37cd4a9a9632801	c8673931c96c23c510dd29a28440e77f0b03286f	6a9a29372b9ef64baaf790b24ccad2f3b4ba6940a6ddfa932ddd8bb08171a633
bpi-m2z/bananapim2zero/current/resolute/minimal	整併候選	採用	/media/pi/SMCI/bpi/bananapi-release-c8673931c96c/bpi-m2z/Armbian-unofficial_26.11.0-trunk_Bananapim2zero_resolute_current_6.18.49_minimal.img.xz	ac04771d14a738f1a68b88020c091994b571d88aa42cf92fc5d3a1c63a86c2bb	c8673931c96c23c510dd29a28440e77f0b03286f	6a9a29372b9ef64baaf790b24ccad2f3b4ba6940a6ddfa932ddd8bb08171a633
bpi-m2z/bananapim2zero/current/resolute/xfce	整併候選	採用	/media/pi/SMCI/bpi/bananapi-release-c8673931c96c/bpi-m2z/Armbian-unofficial_26.11.0-trunk_Bananapim2zero_resolute_current_6.18.49_xfce_desktop.img.xz	3660640e72e208a0c9da83187c899fb1282cc10101e682fb325f173a4ac62e2e	c8673931c96c23c510dd29a28440e77f0b03286f	6a9a29372b9ef64baaf790b24ccad2f3b4ba6940a6ddfa932ddd8bb08171a633
bpi-m2z/bananapim2zero/current/trixie/minimal	整併候選	採用	/media/pi/SMCI/bpi/bananapi-release-c8673931c96c/bpi-m2z/Armbian-unofficial_26.11.0-trunk_Bananapim2zero_trixie_current_6.18.49_minimal.img.xz	faef26ec8d319cf948d56ce7802812496603e542e3c7b5ca786bdc3f054c2605	c8673931c96c23c510dd29a28440e77f0b03286f	6a9a29372b9ef64baaf790b24ccad2f3b4ba6940a6ddfa932ddd8bb08171a633
bpi-m2z/bananapim2zero/current/trixie/xfce	整併候選	採用	/media/pi/SMCI/bpi/bananapi-release-c8673931c96c/bpi-m2z/Armbian-unofficial_26.11.0-trunk_Bananapim2zero_trixie_current_6.18.49_xfce_desktop.img.xz	90030b55e90ffe6263c1dfa614af07abf3c8260b64e8c5b32182ab176fbda3d4	c8673931c96c23c510dd29a28440e77f0b03286f	6a9a29372b9ef64baaf790b24ccad2f3b4ba6940a6ddfa932ddd8bb08171a633
bpi-m3/bananapim3/current/bookworm/minimal	整併候選	採用	/media/pi/SMCI/bpi/bananapi-release-c8673931c96c/bpi-m3/Armbian-unofficial_26.11.0-trunk_Bananapim3_bookworm_current_6.18.46_minimal.img.xz	8f362d96543a7ac897a757ad9bec11e1930e4b996eeec61783f60853be3019f1	c8673931c96c23c510dd29a28440e77f0b03286f	6a9a29372b9ef64baaf790b24ccad2f3b4ba6940a6ddfa932ddd8bb08171a633
bpi-m3/bananapim3/current/bookworm/xfce	整併候選	採用	/media/pi/SMCI/bpi/bananapi-release-c8673931c96c/bpi-m3/Armbian-unofficial_26.11.0-trunk_Bananapim3_bookworm_current_6.18.46_xfce_desktop.img.xz	f2c7bb14a75a95b910cac0a0332b7aac09234938422113ff73d9de23fe6bd7f2	c8673931c96c23c510dd29a28440e77f0b03286f	6a9a29372b9ef64baaf790b24ccad2f3b4ba6940a6ddfa932ddd8bb08171a633
bpi-m3/bananapim3/current/jammy/minimal	整併候選	採用	/media/pi/SMCI/bpi/bananapi-release-c8673931c96c/bpi-m3/Armbian-unofficial_26.11.0-trunk_Bananapim3_jammy_current_6.18.46_minimal.img.xz	97250ee98434a0e4f5e79401b558c74b71a51f64bbc869e6dd83965b6cf03366	c8673931c96c23c510dd29a28440e77f0b03286f	6a9a29372b9ef64baaf790b24ccad2f3b4ba6940a6ddfa932ddd8bb08171a633
bpi-m3/bananapim3/current/jammy/xfce	整併候選	採用	/media/pi/SMCI/bpi/bananapi-release-c8673931c96c/bpi-m3/Armbian-unofficial_26.11.0-trunk_Bananapim3_jammy_current_6.18.46_xfce_desktop.img.xz	aa4e9d7ffd40fbb03647af9173e2ee49cf1b8b870a8fca7cfa25efbe59e4584e	c8673931c96c23c510dd29a28440e77f0b03286f	6a9a29372b9ef64baaf790b24ccad2f3b4ba6940a6ddfa932ddd8bb08171a633
bpi-m3/bananapim3/current/noble/minimal	整併候選	採用	/media/pi/SMCI/bpi/bananapi-release-c8673931c96c/bpi-m3/Armbian-unofficial_26.11.0-trunk_Bananapim3_noble_current_6.18.46_minimal.img.xz	aaf83a497b8c85e1c776571806fc00b8a3ef427861f4c986dbefc6043452a488	c8673931c96c23c510dd29a28440e77f0b03286f	6a9a29372b9ef64baaf790b24ccad2f3b4ba6940a6ddfa932ddd8bb08171a633
bpi-m3/bananapim3/current/noble/xfce	整併候選	採用	/media/pi/SMCI/bpi/bananapi-release-c8673931c96c/bpi-m3/Armbian-unofficial_26.11.0-trunk_Bananapim3_noble_current_6.18.46_xfce_desktop.img.xz	e22feb099fad59c3ee2157ee479ad4dcfada03f9f118dc59d3eb7e570ae8b00a	c8673931c96c23c510dd29a28440e77f0b03286f	6a9a29372b9ef64baaf790b24ccad2f3b4ba6940a6ddfa932ddd8bb08171a633
bpi-m3/bananapim3/current/resolute/minimal	整併候選	採用	/media/pi/SMCI/bpi/bananapi-release-c8673931c96c/bpi-m3/Armbian-unofficial_26.11.0-trunk_Bananapim3_resolute_current_6.18.46_minimal.img.xz	e0aa6afce7fbbfad701be0e04afaca5c028e11f943418025911fbecce13a9f2f	c8673931c96c23c510dd29a28440e77f0b03286f	6a9a29372b9ef64baaf790b24ccad2f3b4ba6940a6ddfa932ddd8bb08171a633
bpi-m3/bananapim3/current/resolute/xfce	整併候選	採用	/media/pi/SMCI/bpi/bananapi-release-c8673931c96c/bpi-m3/Armbian-unofficial_26.11.0-trunk_Bananapim3_resolute_current_6.18.46_xfce_desktop.img.xz	e8cd8dbb4d94b44813d4555f1c083769a94452a31735d2274a5ffef2b507c032	c8673931c96c23c510dd29a28440e77f0b03286f	6a9a29372b9ef64baaf790b24ccad2f3b4ba6940a6ddfa932ddd8bb08171a633
bpi-m3/bananapim3/current/trixie/minimal	整併候選	採用	/media/pi/SMCI/bpi/bananapi-release-c8673931c96c/bpi-m3/Armbian-unofficial_26.11.0-trunk_Bananapim3_trixie_current_6.18.46_minimal.img.xz	cbb7bc4732e51d223cfa5c5ff4feb916b8c349b547fec10c99039a3496d9a2bb	c8673931c96c23c510dd29a28440e77f0b03286f	6a9a29372b9ef64baaf790b24ccad2f3b4ba6940a6ddfa932ddd8bb08171a633
bpi-m3/bananapim3/current/trixie/xfce	整併候選	採用	/media/pi/SMCI/bpi/bananapi-release-c8673931c96c/bpi-m3/Armbian-unofficial_26.11.0-trunk_Bananapim3_trixie_current_6.18.46_xfce_desktop.img.xz	650795edba91ab8b5e0e5c85156fb2c26393d60509d0c22575c7085e5c7d60e0	c8673931c96c23c510dd29a28440e77f0b03286f	6a9a29372b9ef64baaf790b24ccad2f3b4ba6940a6ddfa932ddd8bb08171a633
bpi-m4/bananapim4/legacy/bookworm/minimal	整併候選	採用	/media/pi/SMCI/bpi/bananapi-release-c8673931c96c/bpi-m4/Armbian-unofficial_26.11.0-trunk_Bananapim4_bookworm_legacy_4.9.119_minimal.img.xz	627d34c8cb8cbde8cbb1a166480541d86e23cd0ec9a00f9f0c47c5a7d0c38c06	c8673931c96c23c510dd29a28440e77f0b03286f	6a9a29372b9ef64baaf790b24ccad2f3b4ba6940a6ddfa932ddd8bb08171a633
bpi-m4/bananapim4/legacy/bookworm/xfce	整併候選	採用	/media/pi/SMCI/bpi/bananapi-release-c8673931c96c/bpi-m4/Armbian-unofficial_26.11.0-trunk_Bananapim4_bookworm_legacy_4.9.119_xfce_desktop.img.xz	e66850603d8c2d1691ae4fcf80191edd7f1183adb44603deb30b6f298ab601e3	c8673931c96c23c510dd29a28440e77f0b03286f	6a9a29372b9ef64baaf790b24ccad2f3b4ba6940a6ddfa932ddd8bb08171a633
bpi-m4/bananapim4/legacy/jammy/minimal	整併候選	採用	/media/pi/SMCI/bpi/bananapi-release-c8673931c96c/bpi-m4/Armbian-unofficial_26.11.0-trunk_Bananapim4_jammy_legacy_4.9.119_minimal.img.xz	5153d9383970a59fb238b81c008c29d2247e22cc6f0bedd0d3210d281ca85774	c8673931c96c23c510dd29a28440e77f0b03286f	6a9a29372b9ef64baaf790b24ccad2f3b4ba6940a6ddfa932ddd8bb08171a633
bpi-m4/bananapim4/legacy/jammy/xfce	整併候選	採用	/media/pi/SMCI/bpi/bananapi-release-c8673931c96c/bpi-m4/Armbian-unofficial_26.11.0-trunk_Bananapim4_jammy_legacy_4.9.119_xfce_desktop.img.xz	737104291183077f6dcf3fb16f3c3ab32628379112053ae71b57334468e8abce	c8673931c96c23c510dd29a28440e77f0b03286f	6a9a29372b9ef64baaf790b24ccad2f3b4ba6940a6ddfa932ddd8bb08171a633
bpi-m4/bananapim4/legacy/noble/minimal	整併候選	採用	/media/pi/SMCI/bpi/bananapi-release-c8673931c96c/bpi-m4/Armbian-unofficial_26.11.0-trunk_Bananapim4_noble_legacy_4.9.119_minimal.img.xz	501fbbdec72ec7ff6b6e6bd5bce8a040a3c350702167b9a0947fe5574030e3c0	c8673931c96c23c510dd29a28440e77f0b03286f	6a9a29372b9ef64baaf790b24ccad2f3b4ba6940a6ddfa932ddd8bb08171a633
bpi-m4/bananapim4/legacy/noble/xfce	整併候選	採用	/media/pi/SMCI/bpi/bananapi-release-c8673931c96c/bpi-m4/Armbian-unofficial_26.11.0-trunk_Bananapim4_noble_legacy_4.9.119_xfce_desktop.img.xz	b4b3fcfd1fab35389551d2976e31bd90417d152a538e49723408a9b6663c8bbc	c8673931c96c23c510dd29a28440e77f0b03286f	6a9a29372b9ef64baaf790b24ccad2f3b4ba6940a6ddfa932ddd8bb08171a633
bpi-m4/bananapim4/legacy/resolute/minimal	整併候選	採用	/media/pi/SMCI/bpi/bananapi-release-c8673931c96c/bpi-m4/Armbian-unofficial_26.11.0-trunk_Bananapim4_resolute_legacy_4.9.119_minimal.img.xz	888da1099ea14e6883038388cafd961676074b6dcd5196e53ec431f16a29f170	c8673931c96c23c510dd29a28440e77f0b03286f	6a9a29372b9ef64baaf790b24ccad2f3b4ba6940a6ddfa932ddd8bb08171a633
bpi-m4/bananapim4/legacy/resolute/xfce	整併候選	採用	/media/pi/SMCI/bpi/bananapi-release-c8673931c96c/bpi-m4/Armbian-unofficial_26.11.0-trunk_Bananapim4_resolute_legacy_4.9.119_xfce_desktop.img.xz	c9b54ca68b3fd358bbce9d6e25af8f76625680ec0e8bb8d238d34854459d36ef	c8673931c96c23c510dd29a28440e77f0b03286f	6a9a29372b9ef64baaf790b24ccad2f3b4ba6940a6ddfa932ddd8bb08171a633
bpi-m4/bananapim4/legacy/trixie/minimal	整併候選	採用	/media/pi/SMCI/bpi/bananapi-release-c8673931c96c/bpi-m4/Armbian-unofficial_26.11.0-trunk_Bananapim4_trixie_legacy_4.9.119_minimal.img.xz	11d3bbc59bb2b98ada4017e6c0890aba58080a52f350c88afadffb4e0916cc0b	c8673931c96c23c510dd29a28440e77f0b03286f	6a9a29372b9ef64baaf790b24ccad2f3b4ba6940a6ddfa932ddd8bb08171a633
bpi-m4/bananapim4/legacy/trixie/xfce	整併候選	採用	/media/pi/SMCI/bpi/bananapi-release-c8673931c96c/bpi-m4/Armbian-unofficial_26.11.0-trunk_Bananapim4_trixie_legacy_4.9.119_xfce_desktop.img.xz	d8023d4e7067c4153ae338055d5a1ad0334a19875a80a3827ee4870ba63ab11a	c8673931c96c23c510dd29a28440e77f0b03286f	6a9a29372b9ef64baaf790b24ccad2f3b4ba6940a6ddfa932ddd8bb08171a633
bpi-m4b/bananapim4berry/current/bookworm/minimal	整併候選	採用	/media/pi/SMCI/bpi/bananapi-release-c8673931c96c/bpi-m4b/Armbian-unofficial_26.11.0-trunk_Bananapim4berry_bookworm_current_6.18.49_minimal.img.xz	17a9d30537ecb9d51716745d278b3d2b2289442d602f54f22fb3029e2dc76496	c8673931c96c23c510dd29a28440e77f0b03286f	6a9a29372b9ef64baaf790b24ccad2f3b4ba6940a6ddfa932ddd8bb08171a633
bpi-m4b/bananapim4berry/current/bookworm/xfce	整併候選	採用	/media/pi/SMCI/bpi/bananapi-release-c8673931c96c/bpi-m4b/Armbian-unofficial_26.11.0-trunk_Bananapim4berry_bookworm_current_6.18.49_xfce_desktop.img.xz	7f6fcd024662a1dde388b654797eca861195d5f4b69acc8e93bda74241bb024b	c8673931c96c23c510dd29a28440e77f0b03286f	6a9a29372b9ef64baaf790b24ccad2f3b4ba6940a6ddfa932ddd8bb08171a633
bpi-m4b/bananapim4berry/current/jammy/minimal	整併候選	採用	/media/pi/SMCI/bpi/bananapi-release-c8673931c96c/bpi-m4b/Armbian-unofficial_26.11.0-trunk_Bananapim4berry_jammy_current_6.18.49_minimal.img.xz	fe7bfe36d17fea740761d3ccff24fbf2e5e097533b4d90ed60ff26248f21b502	c8673931c96c23c510dd29a28440e77f0b03286f	6a9a29372b9ef64baaf790b24ccad2f3b4ba6940a6ddfa932ddd8bb08171a633
bpi-m4b/bananapim4berry/current/jammy/xfce	整併候選	採用	/media/pi/SMCI/bpi/bananapi-release-c8673931c96c/bpi-m4b/Armbian-unofficial_26.11.0-trunk_Bananapim4berry_jammy_current_6.18.49_xfce_desktop.img.xz	10595101c030401f761d4c1f25cb35cc5663b577366bdc2fcdc56108d0f841db	c8673931c96c23c510dd29a28440e77f0b03286f	6a9a29372b9ef64baaf790b24ccad2f3b4ba6940a6ddfa932ddd8bb08171a633
bpi-m4b/bananapim4berry/current/noble/minimal	整併候選	採用	/media/pi/SMCI/bpi/bananapi-release-c8673931c96c/bpi-m4b/Armbian-unofficial_26.11.0-trunk_Bananapim4berry_noble_current_6.18.49_minimal.img.xz	43788307ad6349aa9e910c8b7a4b88aa041d6a7e866370fab156ac292cae63bb	c8673931c96c23c510dd29a28440e77f0b03286f	6a9a29372b9ef64baaf790b24ccad2f3b4ba6940a6ddfa932ddd8bb08171a633
bpi-m4b/bananapim4berry/current/noble/xfce	整併候選	採用	/media/pi/SMCI/bpi/bananapi-release-c8673931c96c/bpi-m4b/Armbian-unofficial_26.11.0-trunk_Bananapim4berry_noble_current_6.18.49_xfce_desktop.img.xz	5314d55020dd86593cf1898c305807e06f7d02373db53304e404563f1ae1c549	c8673931c96c23c510dd29a28440e77f0b03286f	6a9a29372b9ef64baaf790b24ccad2f3b4ba6940a6ddfa932ddd8bb08171a633
bpi-m4b/bananapim4berry/current/resolute/minimal	整併候選	採用	/media/pi/SMCI/bpi/bananapi-release-c8673931c96c/bpi-m4b/Armbian-unofficial_26.11.0-trunk_Bananapim4berry_resolute_current_6.18.49_minimal.img.xz	9dd64cdb0ab6cfe8f8f9ecf0fb72c9f007e392ca8794817202bfdb57d400a549	c8673931c96c23c510dd29a28440e77f0b03286f	6a9a29372b9ef64baaf790b24ccad2f3b4ba6940a6ddfa932ddd8bb08171a633
bpi-m4b/bananapim4berry/current/resolute/xfce	整併候選	採用	/media/pi/SMCI/bpi/bananapi-release-c8673931c96c/bpi-m4b/Armbian-unofficial_26.11.0-trunk_Bananapim4berry_resolute_current_6.18.49_xfce_desktop.img.xz	a4def2f6fabc5bf13c2a20584993adffcb93bbfb05edd57061d064482a6c7f5c	c8673931c96c23c510dd29a28440e77f0b03286f	6a9a29372b9ef64baaf790b24ccad2f3b4ba6940a6ddfa932ddd8bb08171a633
bpi-m4b/bananapim4berry/current/trixie/minimal	整併候選	採用	/media/pi/SMCI/bpi/bananapi-release-c8673931c96c/bpi-m4b/Armbian-unofficial_26.11.0-trunk_Bananapim4berry_trixie_current_6.18.49_minimal.img.xz	cdbbf05639f85837256751ce16cd967d9eeb324a7c3dc5a0a782ddac49eedd47	c8673931c96c23c510dd29a28440e77f0b03286f	6a9a29372b9ef64baaf790b24ccad2f3b4ba6940a6ddfa932ddd8bb08171a633
bpi-m4b/bananapim4berry/current/trixie/xfce	整併候選	採用	/media/pi/SMCI/bpi/bananapi-release-c8673931c96c/bpi-m4b/Armbian-unofficial_26.11.0-trunk_Bananapim4berry_trixie_current_6.18.49_xfce_desktop.img.xz	1cdcc82145e0032a70df514b582f29de4d7fa87dd7b386ceeecd2dbaec6ec4a1	c8673931c96c23c510dd29a28440e77f0b03286f	6a9a29372b9ef64baaf790b24ccad2f3b4ba6940a6ddfa932ddd8bb08171a633
bpi-m4z-emac/bananapim4zeroemac/current/bookworm/minimal	整併候選	採用	/media/pi/SMCI/bpi/bananapi-release-c8673931c96c/bpi-m4z-emac/Armbian-unofficial_26.11.0-trunk_Bananapim4zeroemac_bookworm_current_6.18.49_minimal.img.xz	caea951ce80664ddb30802b4ece66ea0c2d01402695da455d854cfff73dbcfdc	c8673931c96c23c510dd29a28440e77f0b03286f	6a9a29372b9ef64baaf790b24ccad2f3b4ba6940a6ddfa932ddd8bb08171a633
bpi-m4z-emac/bananapim4zeroemac/current/bookworm/xfce	整併候選	採用	/media/pi/SMCI/bpi/bananapi-release-c8673931c96c/bpi-m4z-emac/Armbian-unofficial_26.11.0-trunk_Bananapim4zeroemac_bookworm_current_6.18.49_xfce_desktop.img.xz	05a1505dc3a7eb044afb12f84dbdc93fe1c4e576cee077ec0aeda7acd0a52748	c8673931c96c23c510dd29a28440e77f0b03286f	6a9a29372b9ef64baaf790b24ccad2f3b4ba6940a6ddfa932ddd8bb08171a633
bpi-m4z-emac/bananapim4zeroemac/current/jammy/minimal	整併候選	採用	/media/pi/SMCI/bpi/bananapi-release-c8673931c96c/bpi-m4z-emac/Armbian-unofficial_26.11.0-trunk_Bananapim4zeroemac_jammy_current_6.18.49_minimal.img.xz	f68776636508a8d7cb8e20b83d6753debdd4a06b1a4e822d68e3f4ffe31a92b4	c8673931c96c23c510dd29a28440e77f0b03286f	6a9a29372b9ef64baaf790b24ccad2f3b4ba6940a6ddfa932ddd8bb08171a633
bpi-m4z-emac/bananapim4zeroemac/current/jammy/xfce	整併候選	採用	/media/pi/SMCI/bpi/bananapi-release-c8673931c96c/bpi-m4z-emac/Armbian-unofficial_26.11.0-trunk_Bananapim4zeroemac_jammy_current_6.18.49_xfce_desktop.img.xz	19af7ce296b920ff34d304388b3fade0498242cbeb1fa8d9658b858debc54f83	c8673931c96c23c510dd29a28440e77f0b03286f	6a9a29372b9ef64baaf790b24ccad2f3b4ba6940a6ddfa932ddd8bb08171a633
bpi-m4z-emac/bananapim4zeroemac/current/noble/minimal	整併候選	採用	/media/pi/SMCI/bpi/bananapi-release-c8673931c96c/bpi-m4z-emac/Armbian-unofficial_26.11.0-trunk_Bananapim4zeroemac_noble_current_6.18.49_minimal.img.xz	c57f6cfbd1c7f6283c829d4671eb8c4942949c994bb077e3ff3d39f2e806d131	c8673931c96c23c510dd29a28440e77f0b03286f	6a9a29372b9ef64baaf790b24ccad2f3b4ba6940a6ddfa932ddd8bb08171a633
bpi-m4z-emac/bananapim4zeroemac/current/noble/xfce	整併候選	採用	/media/pi/SMCI/bpi/bananapi-release-c8673931c96c/bpi-m4z-emac/Armbian-unofficial_26.11.0-trunk_Bananapim4zeroemac_noble_current_6.18.49_xfce_desktop.img.xz	a741bdcab1f02cc0a7cf25ead179f1453dc0be3b9409243efa1fa43d9333d42e	c8673931c96c23c510dd29a28440e77f0b03286f	6a9a29372b9ef64baaf790b24ccad2f3b4ba6940a6ddfa932ddd8bb08171a633
bpi-m4z-emac/bananapim4zeroemac/current/resolute/minimal	整併候選	採用	/media/pi/SMCI/bpi/bananapi-release-c8673931c96c/bpi-m4z-emac/Armbian-unofficial_26.11.0-trunk_Bananapim4zeroemac_resolute_current_6.18.49_minimal.img.xz	1a9eb679a1f3177801bed26c73a859c2c4c76ce8c812ac8c81cc79230fd33149	c8673931c96c23c510dd29a28440e77f0b03286f	6a9a29372b9ef64baaf790b24ccad2f3b4ba6940a6ddfa932ddd8bb08171a633
bpi-m4z-emac/bananapim4zeroemac/current/resolute/xfce	整併候選	採用	/media/pi/SMCI/bpi/bananapi-release-c8673931c96c/bpi-m4z-emac/Armbian-unofficial_26.11.0-trunk_Bananapim4zeroemac_resolute_current_6.18.49_xfce_desktop.img.xz	5052b2fe90c9198e38e403810fbbc85e83ebc62b2e4a7022b504835232290b1c	c8673931c96c23c510dd29a28440e77f0b03286f	6a9a29372b9ef64baaf790b24ccad2f3b4ba6940a6ddfa932ddd8bb08171a633
bpi-m4z-emac/bananapim4zeroemac/current/trixie/minimal	整併候選	採用	/media/pi/SMCI/bpi/bananapi-release-c8673931c96c/bpi-m4z-emac/Armbian-unofficial_26.11.0-trunk_Bananapim4zeroemac_trixie_current_6.18.49_minimal.img.xz	69f7313b97924bcd5af2e8c9c052fc2831d48c0c70c1b8a33110ad6c816e102d	c8673931c96c23c510dd29a28440e77f0b03286f	6a9a29372b9ef64baaf790b24ccad2f3b4ba6940a6ddfa932ddd8bb08171a633
bpi-m4z-emac/bananapim4zeroemac/current/trixie/xfce	整併候選	採用	/media/pi/SMCI/bpi/bananapi-release-c8673931c96c/bpi-m4z-emac/Armbian-unofficial_26.11.0-trunk_Bananapim4zeroemac_trixie_current_6.18.49_xfce_desktop.img.xz	8f1eb67856be640789e2d0c8c977419288efd182f1778a2ec06928885676589a	c8673931c96c23c510dd29a28440e77f0b03286f	6a9a29372b9ef64baaf790b24ccad2f3b4ba6940a6ddfa932ddd8bb08171a633
bpi-m4z/bananapim4zero/current/bookworm/minimal	整併候選	採用	/media/pi/SMCI/bpi/bananapi-release-c8673931c96c/bpi-m4z/Armbian-unofficial_26.11.0-trunk_Bananapim4zero_bookworm_current_6.18.49_minimal.img.xz	65c3ee13095d2f0bf006f0478d5605b2f95fb4d3277756e3064c872db1904cb3	c8673931c96c23c510dd29a28440e77f0b03286f	6a9a29372b9ef64baaf790b24ccad2f3b4ba6940a6ddfa932ddd8bb08171a633
bpi-m4z/bananapim4zero/current/bookworm/xfce	整併候選	採用	/media/pi/SMCI/bpi/bananapi-release-c8673931c96c/bpi-m4z/Armbian-unofficial_26.11.0-trunk_Bananapim4zero_bookworm_current_6.18.49_xfce_desktop.img.xz	bb64f9851cbaa48c0ac53cc0a07727167ce1b0e6b118cbcaa1846dd9caf51eb1	c8673931c96c23c510dd29a28440e77f0b03286f	6a9a29372b9ef64baaf790b24ccad2f3b4ba6940a6ddfa932ddd8bb08171a633
bpi-m4z/bananapim4zero/current/jammy/minimal	整併候選	採用	/media/pi/SMCI/bpi/bananapi-release-c8673931c96c/bpi-m4z/Armbian-unofficial_26.11.0-trunk_Bananapim4zero_jammy_current_6.18.49_minimal.img.xz	8f4cbf11c7b53ce13649a886ab7f953fd5d70bdb5000b716df8d5405dc39318a	c8673931c96c23c510dd29a28440e77f0b03286f	6a9a29372b9ef64baaf790b24ccad2f3b4ba6940a6ddfa932ddd8bb08171a633
bpi-m4z/bananapim4zero/current/jammy/xfce	整併候選	採用	/media/pi/SMCI/bpi/bananapi-release-c8673931c96c/bpi-m4z/Armbian-unofficial_26.11.0-trunk_Bananapim4zero_jammy_current_6.18.49_xfce_desktop.img.xz	1b3d19bdf2d3321f9cf02dd66c11680befd63e373e83899567074ea6238fbdec	c8673931c96c23c510dd29a28440e77f0b03286f	6a9a29372b9ef64baaf790b24ccad2f3b4ba6940a6ddfa932ddd8bb08171a633
bpi-m4z/bananapim4zero/current/noble/minimal	整併候選	採用	/media/pi/SMCI/bpi/bananapi-release-c8673931c96c/bpi-m4z/Armbian-unofficial_26.11.0-trunk_Bananapim4zero_noble_current_6.18.49_minimal.img.xz	43071fea5d895a846ce9aa65c62618e3576211745e4a31e768521cca571b2306	c8673931c96c23c510dd29a28440e77f0b03286f	6a9a29372b9ef64baaf790b24ccad2f3b4ba6940a6ddfa932ddd8bb08171a633
bpi-m4z/bananapim4zero/current/noble/xfce	整併候選	採用	/media/pi/SMCI/bpi/bananapi-release-c8673931c96c/bpi-m4z/Armbian-unofficial_26.11.0-trunk_Bananapim4zero_noble_current_6.18.49_xfce_desktop.img.xz	eda3aa5de1cc73f94e5f5fa21106cbd904b5f3cce350dacab8438ef916caab53	c8673931c96c23c510dd29a28440e77f0b03286f	6a9a29372b9ef64baaf790b24ccad2f3b4ba6940a6ddfa932ddd8bb08171a633
bpi-m4z/bananapim4zero/current/resolute/minimal	整併候選	採用	/media/pi/SMCI/bpi/bananapi-release-c8673931c96c/bpi-m4z/Armbian-unofficial_26.11.0-trunk_Bananapim4zero_resolute_current_6.18.49_minimal.img.xz	256ae3b10395d3793333a647b4d781a3145973a80a89884fc895d23b3e17c59b	c8673931c96c23c510dd29a28440e77f0b03286f	6a9a29372b9ef64baaf790b24ccad2f3b4ba6940a6ddfa932ddd8bb08171a633
bpi-m4z/bananapim4zero/current/resolute/xfce	整併候選	採用	/media/pi/SMCI/bpi/bananapi-release-c8673931c96c/bpi-m4z/Armbian-unofficial_26.11.0-trunk_Bananapim4zero_resolute_current_6.18.49_xfce_desktop.img.xz	2113af9d292752145dd4e47e500a9e9413ed798ee9ef8122ad2208ac81c730f8	c8673931c96c23c510dd29a28440e77f0b03286f	6a9a29372b9ef64baaf790b24ccad2f3b4ba6940a6ddfa932ddd8bb08171a633
bpi-m4z/bananapim4zero/current/trixie/minimal	整併候選	採用	/media/pi/SMCI/bpi/bananapi-release-c8673931c96c/bpi-m4z/Armbian-unofficial_26.11.0-trunk_Bananapim4zero_trixie_current_6.18.49_minimal.img.xz	938c0646a3614240777c87e44513e183c633f21a740a0e5c3801f7cf56b3e81a	c8673931c96c23c510dd29a28440e77f0b03286f	6a9a29372b9ef64baaf790b24ccad2f3b4ba6940a6ddfa932ddd8bb08171a633
bpi-m4z/bananapim4zero/current/trixie/xfce	整併候選	採用	/media/pi/SMCI/bpi/bananapi-release-c8673931c96c/bpi-m4z/Armbian-unofficial_26.11.0-trunk_Bananapim4zero_trixie_current_6.18.49_xfce_desktop.img.xz	305700b1f82013a7e80172275a4f9b7235a57aade9afd2e0bd564e2ef22c841e	c8673931c96c23c510dd29a28440e77f0b03286f	6a9a29372b9ef64baaf790b24ccad2f3b4ba6940a6ddfa932ddd8bb08171a633
bpi-m5/bananapim5/current/bookworm/minimal	整併候選	採用	/media/pi/SMCI/bpi/bananapi-release-c8673931c96c/bpi-m5/Armbian-unofficial_26.11.0-trunk_Bananapim5_bookworm_current_6.18.49_minimal.img.xz	8c7b5a0c0c99566444207a7a3ecb49d9f43f17d27398bef7285cf554f270c9a6	c8673931c96c23c510dd29a28440e77f0b03286f	6a9a29372b9ef64baaf790b24ccad2f3b4ba6940a6ddfa932ddd8bb08171a633
bpi-m5/bananapim5/current/bookworm/xfce	整併候選	採用	/media/pi/SMCI/bpi/bananapi-release-c8673931c96c/bpi-m5/Armbian-unofficial_26.11.0-trunk_Bananapim5_bookworm_current_6.18.49_xfce_desktop.img.xz	f820e8b38a4a6e612781ea7db6f6e8ff8ea91491ae34f38451044c24053df3c3	c8673931c96c23c510dd29a28440e77f0b03286f	6a9a29372b9ef64baaf790b24ccad2f3b4ba6940a6ddfa932ddd8bb08171a633
bpi-m5/bananapim5/current/jammy/minimal	整併候選	採用	/media/pi/SMCI/bpi/bananapi-release-c8673931c96c/bpi-m5/Armbian-unofficial_26.11.0-trunk_Bananapim5_jammy_current_6.18.49_minimal.img.xz	92b6c10048e320fc5c61bec895a957a5d2edbfee16fb9c248d7fcda0866583c9	c8673931c96c23c510dd29a28440e77f0b03286f	6a9a29372b9ef64baaf790b24ccad2f3b4ba6940a6ddfa932ddd8bb08171a633
bpi-m5/bananapim5/current/jammy/xfce	整併候選	採用	/media/pi/SMCI/bpi/bananapi-release-c8673931c96c/bpi-m5/Armbian-unofficial_26.11.0-trunk_Bananapim5_jammy_current_6.18.49_xfce_desktop.img.xz	cde66f47bd231c922093954a861563bafb768ed997d3e382a3a09a39cbc7994c	c8673931c96c23c510dd29a28440e77f0b03286f	6a9a29372b9ef64baaf790b24ccad2f3b4ba6940a6ddfa932ddd8bb08171a633
bpi-m5/bananapim5/current/noble/minimal	整併候選	採用	/media/pi/SMCI/bpi/bananapi-release-c8673931c96c/bpi-m5/Armbian-unofficial_26.11.0-trunk_Bananapim5_noble_current_6.18.49_minimal.img.xz	11c575a05c7a53423ab72641c9a4235021d8649f219f920a125d669a6be05e84	c8673931c96c23c510dd29a28440e77f0b03286f	6a9a29372b9ef64baaf790b24ccad2f3b4ba6940a6ddfa932ddd8bb08171a633
bpi-m5/bananapim5/current/noble/xfce	整併候選	採用	/media/pi/SMCI/bpi/bananapi-release-c8673931c96c/bpi-m5/Armbian-unofficial_26.11.0-trunk_Bananapim5_noble_current_6.18.49_xfce_desktop.img.xz	491d3e6536de2cb9ba4164cca6d772a8afe2410ccf7bbaf57e43508c8e498043	c8673931c96c23c510dd29a28440e77f0b03286f	6a9a29372b9ef64baaf790b24ccad2f3b4ba6940a6ddfa932ddd8bb08171a633
bpi-m5/bananapim5/current/resolute/minimal	整併候選	採用	/media/pi/SMCI/bpi/bananapi-release-c8673931c96c/bpi-m5/Armbian-unofficial_26.11.0-trunk_Bananapim5_resolute_current_6.18.49_minimal.img.xz	a940da08cb48072dcf2577e46128af898793500fd974aca85adfec3d4bf700e0	c8673931c96c23c510dd29a28440e77f0b03286f	6a9a29372b9ef64baaf790b24ccad2f3b4ba6940a6ddfa932ddd8bb08171a633
bpi-m5/bananapim5/current/resolute/xfce	整併候選	採用	/media/pi/SMCI/bpi/bananapi-release-c8673931c96c/bpi-m5/Armbian-unofficial_26.11.0-trunk_Bananapim5_resolute_current_6.18.49_xfce_desktop.img.xz	3532aab28597fea449b9646e5d8eef53c5ee850a17233ec2278773bebe6652c4	c8673931c96c23c510dd29a28440e77f0b03286f	6a9a29372b9ef64baaf790b24ccad2f3b4ba6940a6ddfa932ddd8bb08171a633
bpi-m5/bananapim5/current/trixie/minimal	整併候選	採用	/media/pi/SMCI/bpi/bananapi-release-c8673931c96c/bpi-m5/Armbian-unofficial_26.11.0-trunk_Bananapim5_trixie_current_6.18.49_minimal.img.xz	4bc36ea3381981358dbb55a15486e2a96159216e19ef05d00fc207418be37c80	c8673931c96c23c510dd29a28440e77f0b03286f	6a9a29372b9ef64baaf790b24ccad2f3b4ba6940a6ddfa932ddd8bb08171a633
bpi-m5/bananapim5/current/trixie/xfce	整併候選	採用	/media/pi/SMCI/bpi/bananapi-release-c8673931c96c/bpi-m5/Armbian-unofficial_26.11.0-trunk_Bananapim5_trixie_current_6.18.49_xfce_desktop.img.xz	5ee6ae97f6c78269ec6ec917fe2a81b173e6c44ca732ec3fa218fd904484e9a4	c8673931c96c23c510dd29a28440e77f0b03286f	6a9a29372b9ef64baaf790b24ccad2f3b4ba6940a6ddfa932ddd8bb08171a633
bpi-m5pro/bananapim5pro/edge/bookworm/minimal	整併候選	採用	/media/pi/SMCI/bpi/bananapi-release-c8673931c96c/bpi-m5pro/Armbian-unofficial_26.11.0-trunk_Bananapim5pro_bookworm_edge_7.0.14_minimal.img.xz	7f91656f4cbe13a4940e6e2f22cce98e4f0b39f5c7b2592b334905ded2d63675	4a8086c3cd1a4f92a80ccb1d896f527ca4f5f6e1	27004d6aaec0557564c1a89349a0cc185a6d6d52a0ed407feac2430546f84553
bpi-m5pro/bananapim5pro/edge/bookworm/xfce	整併候選	採用	/media/pi/SMCI/bpi/bananapi-release-c8673931c96c/bpi-m5pro/Armbian-unofficial_26.11.0-trunk_Bananapim5pro_bookworm_edge_7.0.14_xfce_desktop.img.xz	979e9cdf0c17eabc944797786262ba7e193bd6b0e04ff358395881fb6a43522a	4a8086c3cd1a4f92a80ccb1d896f527ca4f5f6e1	27004d6aaec0557564c1a89349a0cc185a6d6d52a0ed407feac2430546f84553
bpi-m5pro/bananapim5pro/edge/jammy/minimal	整併候選	採用	/media/pi/SMCI/bpi/bananapi-release-c8673931c96c/bpi-m5pro/Armbian-unofficial_26.11.0-trunk_Bananapim5pro_jammy_edge_7.0.14_minimal.img.xz	d69d9b46a3cb9383116a5a6c106d167c583e2e4fc4d006dd2d59d1edc0db31c2	4a8086c3cd1a4f92a80ccb1d896f527ca4f5f6e1	27004d6aaec0557564c1a89349a0cc185a6d6d52a0ed407feac2430546f84553
bpi-m5pro/bananapim5pro/edge/jammy/xfce	整併候選	採用	/media/pi/SMCI/bpi/bananapi-release-c8673931c96c/bpi-m5pro/Armbian-unofficial_26.11.0-trunk_Bananapim5pro_jammy_edge_7.0.14_xfce_desktop.img.xz	0fff329e6b412eb0bf034cccf35a92ced4762008acae5c5aad7e63e908091f3a	4a8086c3cd1a4f92a80ccb1d896f527ca4f5f6e1	27004d6aaec0557564c1a89349a0cc185a6d6d52a0ed407feac2430546f84553
bpi-m5pro/bananapim5pro/edge/noble/minimal	整併候選	採用	/media/pi/SMCI/bpi/bananapi-release-c8673931c96c/bpi-m5pro/Armbian-unofficial_26.11.0-trunk_Bananapim5pro_noble_edge_7.0.14_minimal.img.xz	9b77cfdb65a7d7c5d55d55f7cd2ba848cc846d096cd95e694ad673ec02d37651	4a8086c3cd1a4f92a80ccb1d896f527ca4f5f6e1	27004d6aaec0557564c1a89349a0cc185a6d6d52a0ed407feac2430546f84553
bpi-m5pro/bananapim5pro/edge/noble/xfce	整併候選	採用	/media/pi/SMCI/bpi/bananapi-release-c8673931c96c/bpi-m5pro/Armbian-unofficial_26.11.0-trunk_Bananapim5pro_noble_edge_7.0.14_xfce_desktop.img.xz	732961b059df65cfe544705aee48bcfd2cd8d9970817d526c96aac0f7b85673f	4a8086c3cd1a4f92a80ccb1d896f527ca4f5f6e1	27004d6aaec0557564c1a89349a0cc185a6d6d52a0ed407feac2430546f84553
bpi-m5pro/bananapim5pro/edge/resolute/minimal	整併候選	採用	/media/pi/SMCI/bpi/bananapi-release-c8673931c96c/bpi-m5pro/Armbian-unofficial_26.11.0-trunk_Bananapim5pro_resolute_edge_7.0.14_minimal.img.xz	f6509e8ea391afac8ca08b2a81b9d054e83e0b283611a581cdaa4e00f4519de9	4a8086c3cd1a4f92a80ccb1d896f527ca4f5f6e1	27004d6aaec0557564c1a89349a0cc185a6d6d52a0ed407feac2430546f84553
bpi-m5pro/bananapim5pro/edge/resolute/xfce	整併候選	採用	/media/pi/SMCI/bpi/bananapi-release-c8673931c96c/bpi-m5pro/Armbian-unofficial_26.11.0-trunk_Bananapim5pro_resolute_edge_7.0.14_xfce_desktop.img.xz	9b96b16a33cd46f685cd17ca4234fd3b49eb3cee9e5be7371980eed95fa61b63	4a8086c3cd1a4f92a80ccb1d896f527ca4f5f6e1	27004d6aaec0557564c1a89349a0cc185a6d6d52a0ed407feac2430546f84553
bpi-m5pro/bananapim5pro/edge/trixie/minimal	整併候選	採用	/media/pi/SMCI/bpi/bananapi-release-c8673931c96c/bpi-m5pro/Armbian-unofficial_26.11.0-trunk_Bananapim5pro_trixie_edge_7.0.14_minimal.img.xz	a07861c4d13e377abf63ce3638fa0c476f039bcd160bdb50030d0bec8aa6d5d9	4a8086c3cd1a4f92a80ccb1d896f527ca4f5f6e1	27004d6aaec0557564c1a89349a0cc185a6d6d52a0ed407feac2430546f84553
bpi-m5pro/bananapim5pro/edge/trixie/xfce	整併候選	採用	/media/pi/SMCI/bpi/bananapi-release-c8673931c96c/bpi-m5pro/Armbian-unofficial_26.11.0-trunk_Bananapim5pro_trixie_edge_7.0.14_xfce_desktop.img.xz	db6156ae336a2d9e32fe2f8c54c9283c1cee3854a817ca758dc341cb72cf42a3	4a8086c3cd1a4f92a80ccb1d896f527ca4f5f6e1	27004d6aaec0557564c1a89349a0cc185a6d6d52a0ed407feac2430546f84553
bpi-m6/bananapim6/legacy/bookworm/minimal	整併候選	採用	/media/pi/SMCI/bpi/bananapi-release-c8673931c96c/bpi-m6/Armbian-unofficial_26.11.0-trunk_Bananapim6_bookworm_legacy_5.4.195_minimal.img.xz	1c8c351f6d060bb85615378a533c8537c358280bed966337af2d3740b8f04657	c8673931c96c23c510dd29a28440e77f0b03286f	6a9a29372b9ef64baaf790b24ccad2f3b4ba6940a6ddfa932ddd8bb08171a633
bpi-m6/bananapim6/legacy/bookworm/xfce	整併候選	採用	/media/pi/SMCI/bpi/bananapi-release-c8673931c96c/bpi-m6/Armbian-unofficial_26.11.0-trunk_Bananapim6_bookworm_legacy_5.4.195_xfce_desktop.img.xz	50b63625a2a81e09cbf916bda460cc30c2e8d8b5f651d82685b298ade394e4ad	c8673931c96c23c510dd29a28440e77f0b03286f	6a9a29372b9ef64baaf790b24ccad2f3b4ba6940a6ddfa932ddd8bb08171a633
bpi-m6/bananapim6/legacy/jammy/minimal	整併候選	採用	/media/pi/SMCI/bpi/bananapi-release-c8673931c96c/bpi-m6/Armbian-unofficial_26.11.0-trunk_Bananapim6_jammy_legacy_5.4.195_minimal.img.xz	4ac7984760c9bf18decf720b1dca216c26d3425d925b7c9203792e79453f878f	c8673931c96c23c510dd29a28440e77f0b03286f	6a9a29372b9ef64baaf790b24ccad2f3b4ba6940a6ddfa932ddd8bb08171a633
bpi-m6/bananapim6/legacy/jammy/xfce	整併候選	採用	/media/pi/SMCI/bpi/bananapi-release-c8673931c96c/bpi-m6/Armbian-unofficial_26.11.0-trunk_Bananapim6_jammy_legacy_5.4.195_xfce_desktop.img.xz	848ef63e6eb3749bf7c75a90c45ecc5ad3231a0e464136d962267a3e066a44b0	c8673931c96c23c510dd29a28440e77f0b03286f	6a9a29372b9ef64baaf790b24ccad2f3b4ba6940a6ddfa932ddd8bb08171a633
bpi-m6/bananapim6/legacy/noble/minimal	整併候選	採用	/media/pi/SMCI/bpi/bananapi-release-c8673931c96c/bpi-m6/Armbian-unofficial_26.11.0-trunk_Bananapim6_noble_legacy_5.4.195_minimal.img.xz	7806b6e5474b2dde1f8ef4d52f2d496da18509f1a99a40f9f639813b85c3faf5	c8673931c96c23c510dd29a28440e77f0b03286f	6a9a29372b9ef64baaf790b24ccad2f3b4ba6940a6ddfa932ddd8bb08171a633
bpi-m6/bananapim6/legacy/noble/xfce	整併候選	採用	/media/pi/SMCI/bpi/bananapi-release-c8673931c96c/bpi-m6/Armbian-unofficial_26.11.0-trunk_Bananapim6_noble_legacy_5.4.195_xfce_desktop.img.xz	2132efdc3f62a241008e1e0b54b4b16ba664b558382a1a9c51630be8af8dc595	c8673931c96c23c510dd29a28440e77f0b03286f	6a9a29372b9ef64baaf790b24ccad2f3b4ba6940a6ddfa932ddd8bb08171a633
bpi-m6/bananapim6/legacy/resolute/minimal	整併候選	採用	/media/pi/SMCI/bpi/bananapi-release-c8673931c96c/bpi-m6/Armbian-unofficial_26.11.0-trunk_Bananapim6_resolute_legacy_5.4.195_minimal.img.xz	cab10d05bfe0b013517f43c63be93a9f61d2e4235be4816e2281d146f67e3b53	c8673931c96c23c510dd29a28440e77f0b03286f	6a9a29372b9ef64baaf790b24ccad2f3b4ba6940a6ddfa932ddd8bb08171a633
bpi-m6/bananapim6/legacy/resolute/xfce	整併候選	採用	/media/pi/SMCI/bpi/bananapi-release-c8673931c96c/bpi-m6/Armbian-unofficial_26.11.0-trunk_Bananapim6_resolute_legacy_5.4.195_xfce_desktop.img.xz	97edf55fd7b33a44925bcaa21da7edfc0b197e93d48437690fed07b61f0d4d0c	c8673931c96c23c510dd29a28440e77f0b03286f	6a9a29372b9ef64baaf790b24ccad2f3b4ba6940a6ddfa932ddd8bb08171a633
bpi-m6/bananapim6/legacy/trixie/minimal	整併候選	採用	/media/pi/SMCI/bpi/bananapi-release-c8673931c96c/bpi-m6/Armbian-unofficial_26.11.0-trunk_Bananapim6_trixie_legacy_5.4.195_minimal.img.xz	8830f9cec09adbd2ad8d7a83d9256a5e9a4c4baed5b411c5f712a417ec31cd1c	c8673931c96c23c510dd29a28440e77f0b03286f	6a9a29372b9ef64baaf790b24ccad2f3b4ba6940a6ddfa932ddd8bb08171a633
bpi-m6/bananapim6/legacy/trixie/xfce	整併候選	採用	/media/pi/SMCI/bpi/bananapi-release-c8673931c96c/bpi-m6/Armbian-unofficial_26.11.0-trunk_Bananapim6_trixie_legacy_5.4.195_xfce_desktop.img.xz	5150e4b421edcc41bf86adb028ceb2a59b02ba5b93070a7a4a23e287830ffce0	c8673931c96c23c510dd29a28440e77f0b03286f	6a9a29372b9ef64baaf790b24ccad2f3b4ba6940a6ddfa932ddd8bb08171a633
bpi-m64/bananapim64/current/bookworm/minimal	整併候選	採用	/media/pi/SMCI/bpi/bananapi-release-c8673931c96c/bpi-m64/Armbian-unofficial_26.11.0-trunk_Bananapim64_bookworm_current_6.18.46_minimal.img.xz	2bf9430183acab08ba35baa3d0870e60b9f35026579e41875acc5646cae3c008	c8673931c96c23c510dd29a28440e77f0b03286f	6a9a29372b9ef64baaf790b24ccad2f3b4ba6940a6ddfa932ddd8bb08171a633
bpi-m64/bananapim64/current/bookworm/xfce	整併候選	採用	/media/pi/SMCI/bpi/bananapi-release-c8673931c96c/bpi-m64/Armbian-unofficial_26.11.0-trunk_Bananapim64_bookworm_current_6.18.46_xfce_desktop.img.xz	9412ed33d4b3ec08d1a53d52510be3a0360510ead62d0885789392024ad37fe4	c8673931c96c23c510dd29a28440e77f0b03286f	6a9a29372b9ef64baaf790b24ccad2f3b4ba6940a6ddfa932ddd8bb08171a633
bpi-m64/bananapim64/current/jammy/minimal	整併候選	採用	/media/pi/SMCI/bpi/bananapi-release-c8673931c96c/bpi-m64/Armbian-unofficial_26.11.0-trunk_Bananapim64_jammy_current_6.18.46_minimal.img.xz	61959d57678092566ebe6f535db3b776952346e598a086a021ac76883276d216	c8673931c96c23c510dd29a28440e77f0b03286f	6a9a29372b9ef64baaf790b24ccad2f3b4ba6940a6ddfa932ddd8bb08171a633
bpi-m64/bananapim64/current/jammy/xfce	整併候選	採用	/media/pi/SMCI/bpi/bananapi-release-c8673931c96c/bpi-m64/Armbian-unofficial_26.11.0-trunk_Bananapim64_jammy_current_6.18.46_xfce_desktop.img.xz	8a53d005d90974074bcb6faca90d5eb3a93f5d24df9b3f3686b9ab4a1fde8292	c8673931c96c23c510dd29a28440e77f0b03286f	6a9a29372b9ef64baaf790b24ccad2f3b4ba6940a6ddfa932ddd8bb08171a633
bpi-m64/bananapim64/current/noble/minimal	整併候選	採用	/media/pi/SMCI/bpi/bananapi-release-c8673931c96c/bpi-m64/Armbian-unofficial_26.11.0-trunk_Bananapim64_noble_current_6.18.46_minimal.img.xz	2eeeea828caf7df7040f29ca109e0ecc6dd83450ce7ccd95d296040e13415407	c8673931c96c23c510dd29a28440e77f0b03286f	6a9a29372b9ef64baaf790b24ccad2f3b4ba6940a6ddfa932ddd8bb08171a633
bpi-m64/bananapim64/current/noble/xfce	整併候選	採用	/media/pi/SMCI/bpi/bananapi-release-c8673931c96c/bpi-m64/Armbian-unofficial_26.11.0-trunk_Bananapim64_noble_current_6.18.46_xfce_desktop.img.xz	45c501d47ca3d27760c991eb5dff043cd77485b5162ebd7827888e6814b8c8cb	c8673931c96c23c510dd29a28440e77f0b03286f	6a9a29372b9ef64baaf790b24ccad2f3b4ba6940a6ddfa932ddd8bb08171a633
bpi-m64/bananapim64/current/resolute/minimal	整併候選	採用	/media/pi/SMCI/bpi/bananapi-release-c8673931c96c/bpi-m64/Armbian-unofficial_26.11.0-trunk_Bananapim64_resolute_current_6.18.46_minimal.img.xz	883e03e104817ff030f1f823d98d47ebd215364d4ff949a501ea363f29f6ee08	c8673931c96c23c510dd29a28440e77f0b03286f	6a9a29372b9ef64baaf790b24ccad2f3b4ba6940a6ddfa932ddd8bb08171a633
bpi-m64/bananapim64/current/resolute/xfce	整併候選	採用	/media/pi/SMCI/bpi/bananapi-release-c8673931c96c/bpi-m64/Armbian-unofficial_26.11.0-trunk_Bananapim64_resolute_current_6.18.46_xfce_desktop.img.xz	c21bfb596f36bad7cec09882be58b6d93eed9c8f43cb4f074b10e355911b4a8e	c8673931c96c23c510dd29a28440e77f0b03286f	6a9a29372b9ef64baaf790b24ccad2f3b4ba6940a6ddfa932ddd8bb08171a633
bpi-m64/bananapim64/current/trixie/minimal	整併候選	採用	/media/pi/SMCI/bpi/bananapi-release-c8673931c96c/bpi-m64/Armbian-unofficial_26.11.0-trunk_Bananapim64_trixie_current_6.18.46_minimal.img.xz	01b7c38cc4d0911c6ccdb5c59f152c36a3a911e1a502b5a10f87fe3e6f3f9b8b	c8673931c96c23c510dd29a28440e77f0b03286f	6a9a29372b9ef64baaf790b24ccad2f3b4ba6940a6ddfa932ddd8bb08171a633
bpi-m64/bananapim64/current/trixie/xfce	整併候選	採用	/media/pi/SMCI/bpi/bananapi-release-c8673931c96c/bpi-m64/Armbian-unofficial_26.11.0-trunk_Bananapim64_trixie_current_6.18.46_xfce_desktop.img.xz	591a419b33b880b4cfa66d5e80a50c88a3f6a4967054d1a5ac23c6a17b2b7c03	c8673931c96c23c510dd29a28440e77f0b03286f	6a9a29372b9ef64baaf790b24ccad2f3b4ba6940a6ddfa932ddd8bb08171a633
bpi-m7/bananapim7/current/bookworm/minimal	整併候選	採用	/media/pi/SMCI/bpi/bananapi-release-c8673931c96c/bpi-m7/Armbian-unofficial_26.11.0-trunk_Bananapim7_bookworm_current_6.18.49_minimal.img.xz	8b9b00358b789d4a8efbe0fc4949238b4da6a4817b568f8d36ff9abcc5453ac5	c8673931c96c23c510dd29a28440e77f0b03286f	6a9a29372b9ef64baaf790b24ccad2f3b4ba6940a6ddfa932ddd8bb08171a633
bpi-m7/bananapim7/current/bookworm/xfce	整併候選	採用	/media/pi/SMCI/bpi/bananapi-release-c8673931c96c/bpi-m7/Armbian-unofficial_26.11.0-trunk_Bananapim7_bookworm_current_6.18.49_xfce_desktop.img.xz	54c022cb93491428f4a59b6de98bff62d1893dc031456c9f602cb0e4f1daf2aa	c8673931c96c23c510dd29a28440e77f0b03286f	6a9a29372b9ef64baaf790b24ccad2f3b4ba6940a6ddfa932ddd8bb08171a633
bpi-m7/bananapim7/current/jammy/minimal	整併候選	採用	/media/pi/SMCI/bpi/bananapi-release-c8673931c96c/bpi-m7/Armbian-unofficial_26.11.0-trunk_Bananapim7_jammy_current_6.18.49_minimal.img.xz	8d02a80b475f04ae00ae220cd95b8451c379f96293181d46e881156ac299c772	c8673931c96c23c510dd29a28440e77f0b03286f	6a9a29372b9ef64baaf790b24ccad2f3b4ba6940a6ddfa932ddd8bb08171a633
bpi-m7/bananapim7/current/jammy/xfce	整併候選	採用	/media/pi/SMCI/bpi/bananapi-release-c8673931c96c/bpi-m7/Armbian-unofficial_26.11.0-trunk_Bananapim7_jammy_current_6.18.49_xfce_desktop.img.xz	6591446bb50d08b9e8032c97aab0c6b28cdc802df7551d97d555b5e52bb258f3	c8673931c96c23c510dd29a28440e77f0b03286f	6a9a29372b9ef64baaf790b24ccad2f3b4ba6940a6ddfa932ddd8bb08171a633
bpi-m7/bananapim7/current/noble/minimal	整併候選	採用	/media/pi/SMCI/bpi/bananapi-release-c8673931c96c/bpi-m7/Armbian-unofficial_26.11.0-trunk_Bananapim7_noble_current_6.18.49_minimal.img.xz	8b0a5146542465c3390b7dea3608606dd080e683b4c8d8a33c2c293fc0f3673a	c8673931c96c23c510dd29a28440e77f0b03286f	6a9a29372b9ef64baaf790b24ccad2f3b4ba6940a6ddfa932ddd8bb08171a633
bpi-m7/bananapim7/current/noble/xfce	整併候選	採用	/media/pi/SMCI/bpi/bananapi-release-c8673931c96c/bpi-m7/Armbian-unofficial_26.11.0-trunk_Bananapim7_noble_current_6.18.49_xfce_desktop.img.xz	3ebe2d2c22a107196f63e5ca3adf3ac9052c455979d6765913f44248f546a67e	c8673931c96c23c510dd29a28440e77f0b03286f	6a9a29372b9ef64baaf790b24ccad2f3b4ba6940a6ddfa932ddd8bb08171a633
bpi-m7/bananapim7/current/resolute/minimal	整併候選	採用	/media/pi/SMCI/bpi/bananapi-release-c8673931c96c/bpi-m7/Armbian-unofficial_26.11.0-trunk_Bananapim7_resolute_current_6.18.49_minimal.img.xz	6eced0c3fa71d60b8c38cc0469942e507594a6922a9e09d002ac2161e70764d9	c8673931c96c23c510dd29a28440e77f0b03286f	6a9a29372b9ef64baaf790b24ccad2f3b4ba6940a6ddfa932ddd8bb08171a633
bpi-m7/bananapim7/current/resolute/xfce	整併候選	採用	/media/pi/SMCI/bpi/bananapi-release-c8673931c96c/bpi-m7/Armbian-unofficial_26.11.0-trunk_Bananapim7_resolute_current_6.18.49_xfce_desktop.img.xz	274d43cb88d37e27eb6759f1377a8a586a6cbee48c980a165be7c1df316420be	c8673931c96c23c510dd29a28440e77f0b03286f	6a9a29372b9ef64baaf790b24ccad2f3b4ba6940a6ddfa932ddd8bb08171a633
bpi-m7/bananapim7/current/trixie/minimal	整併候選	採用	/media/pi/SMCI/bpi/bananapi-release-c8673931c96c/bpi-m7/Armbian-unofficial_26.11.0-trunk_Bananapim7_trixie_current_6.18.49_minimal.img.xz	5ddcbfc5031d6d4762005b706f71b82369b1869d5c1efa1cf5dd5132385fa325	c8673931c96c23c510dd29a28440e77f0b03286f	6a9a29372b9ef64baaf790b24ccad2f3b4ba6940a6ddfa932ddd8bb08171a633
bpi-m7/bananapim7/current/trixie/xfce	整併候選	採用	/media/pi/SMCI/bpi/bananapi-release-c8673931c96c/bpi-m7/Armbian-unofficial_26.11.0-trunk_Bananapim7_trixie_current_6.18.49_xfce_desktop.img.xz	01a2f250db1b3738a4cf12d72ef33a02f5c7c785c0e326431ce2c62fe3637d55	c8673931c96c23c510dd29a28440e77f0b03286f	6a9a29372b9ef64baaf790b24ccad2f3b4ba6940a6ddfa932ddd8bb08171a633
bpi-p2pro/bananapip2pro/current/bookworm/minimal	整併候選	採用	/media/pi/SMCI/bpi/bananapi-release-c8673931c96c/bpi-p2pro/Armbian-unofficial_26.11.0-trunk_Bananapip2pro_bookworm_current_6.18.49_minimal.img.xz	03dd63588f650765e1fc00f7d216300ffec11eaff05b85572b14f07b4364eaaa	c8673931c96c23c510dd29a28440e77f0b03286f	6a9a29372b9ef64baaf790b24ccad2f3b4ba6940a6ddfa932ddd8bb08171a633
bpi-p2pro/bananapip2pro/current/bookworm/xfce	整併候選	採用	/media/pi/SMCI/bpi/bananapi-release-c8673931c96c/bpi-p2pro/Armbian-unofficial_26.11.0-trunk_Bananapip2pro_bookworm_current_6.18.49_xfce_desktop.img.xz	1bb5512bf5cb47fcbbd0d0d7dd3408f27256bf7ebf37cc488252889dc7721c8d	c8673931c96c23c510dd29a28440e77f0b03286f	6a9a29372b9ef64baaf790b24ccad2f3b4ba6940a6ddfa932ddd8bb08171a633
bpi-p2pro/bananapip2pro/current/jammy/minimal	整併候選	採用	/media/pi/SMCI/bpi/bananapi-release-c8673931c96c/bpi-p2pro/Armbian-unofficial_26.11.0-trunk_Bananapip2pro_jammy_current_6.18.49_minimal.img.xz	f7bfbd9c0512ac25b07393cb7d06cbcd0fee18e526f613235a9cc96b43f14592	c8673931c96c23c510dd29a28440e77f0b03286f	6a9a29372b9ef64baaf790b24ccad2f3b4ba6940a6ddfa932ddd8bb08171a633
bpi-p2pro/bananapip2pro/current/jammy/xfce	整併候選	採用	/media/pi/SMCI/bpi/bananapi-release-c8673931c96c/bpi-p2pro/Armbian-unofficial_26.11.0-trunk_Bananapip2pro_jammy_current_6.18.49_xfce_desktop.img.xz	09ece7521977d35f1da1167d0ce75cd0a2f0460a4593cbd68297494f56d05c97	c8673931c96c23c510dd29a28440e77f0b03286f	6a9a29372b9ef64baaf790b24ccad2f3b4ba6940a6ddfa932ddd8bb08171a633
bpi-p2pro/bananapip2pro/current/noble/minimal	整併候選	採用	/media/pi/SMCI/bpi/bananapi-release-c8673931c96c/bpi-p2pro/Armbian-unofficial_26.11.0-trunk_Bananapip2pro_noble_current_6.18.49_minimal.img.xz	9c592be76b0ff6a01a7f7948cd12249dddccba3354698db223e48ce6b40e60be	c8673931c96c23c510dd29a28440e77f0b03286f	6a9a29372b9ef64baaf790b24ccad2f3b4ba6940a6ddfa932ddd8bb08171a633
bpi-p2pro/bananapip2pro/current/noble/xfce	整併候選	採用	/media/pi/SMCI/bpi/bananapi-release-c8673931c96c/bpi-p2pro/Armbian-unofficial_26.11.0-trunk_Bananapip2pro_noble_current_6.18.49_xfce_desktop.img.xz	a588f25a64a110800a210ab59d51fdc7d3f1da9ebd7a51d9db15b3bc9eb40e4a	c8673931c96c23c510dd29a28440e77f0b03286f	6a9a29372b9ef64baaf790b24ccad2f3b4ba6940a6ddfa932ddd8bb08171a633
bpi-p2pro/bananapip2pro/current/resolute/minimal	整併候選	採用	/media/pi/SMCI/bpi/bananapi-release-c8673931c96c/bpi-p2pro/Armbian-unofficial_26.11.0-trunk_Bananapip2pro_resolute_current_6.18.49_minimal.img.xz	9b101779a5a97fcceb51689a0a4bf7c4ef8c7ce8cbd4bd6aead1b1033161e3fd	c8673931c96c23c510dd29a28440e77f0b03286f	6a9a29372b9ef64baaf790b24ccad2f3b4ba6940a6ddfa932ddd8bb08171a633
bpi-p2pro/bananapip2pro/current/resolute/xfce	整併候選	採用	/media/pi/SMCI/bpi/bananapi-release-c8673931c96c/bpi-p2pro/Armbian-unofficial_26.11.0-trunk_Bananapip2pro_resolute_current_6.18.49_xfce_desktop.img.xz	006b76cf9272d968956da4af169a241de3c6bcc445840597e7d71ec006a5d8c0	c8673931c96c23c510dd29a28440e77f0b03286f	6a9a29372b9ef64baaf790b24ccad2f3b4ba6940a6ddfa932ddd8bb08171a633
bpi-p2pro/bananapip2pro/current/trixie/minimal	整併候選	採用	/media/pi/SMCI/bpi/bananapi-release-c8673931c96c/bpi-p2pro/Armbian-unofficial_26.11.0-trunk_Bananapip2pro_trixie_current_6.18.49_minimal.img.xz	d7c7dabb32d8191b5cbbbf4172a70ec79cdca86d5734f4cc6c882d0352a277d2	c8673931c96c23c510dd29a28440e77f0b03286f	6a9a29372b9ef64baaf790b24ccad2f3b4ba6940a6ddfa932ddd8bb08171a633
bpi-p2pro/bananapip2pro/current/trixie/xfce	整併候選	採用	/media/pi/SMCI/bpi/bananapi-release-c8673931c96c/bpi-p2pro/Armbian-unofficial_26.11.0-trunk_Bananapip2pro_trixie_current_6.18.49_xfce_desktop.img.xz	aaf25e8ae530aeacb6dcbd096706e450c160be106619d9b8a4761eda95c864fd	c8673931c96c23c510dd29a28440e77f0b03286f	6a9a29372b9ef64baaf790b24ccad2f3b4ba6940a6ddfa932ddd8bb08171a633
bpi-p2z/bananapip2zero/current/bookworm/minimal	整併候選	採用	/media/pi/SMCI/bpi/bananapi-release-c8673931c96c/bpi-p2z/Armbian-unofficial_26.11.0-trunk_Bananapip2zero_bookworm_current_6.18.49_minimal.img.xz	12fb5f5f072a19d7d3902a76e947d20407354211ad1dc0352b189fc7e0a6dd46	c8673931c96c23c510dd29a28440e77f0b03286f	6a9a29372b9ef64baaf790b24ccad2f3b4ba6940a6ddfa932ddd8bb08171a633
bpi-p2z/bananapip2zero/current/bookworm/xfce	整併候選	採用	/media/pi/SMCI/bpi/bananapi-release-c8673931c96c/bpi-p2z/Armbian-unofficial_26.11.0-trunk_Bananapip2zero_bookworm_current_6.18.49_xfce_desktop.img.xz	8994e25bec564157cc5d0647d50404c46d5f43a9cb5a0da0c0a79d2324cde84f	c8673931c96c23c510dd29a28440e77f0b03286f	6a9a29372b9ef64baaf790b24ccad2f3b4ba6940a6ddfa932ddd8bb08171a633
bpi-p2z/bananapip2zero/current/jammy/minimal	整併候選	採用	/media/pi/SMCI/bpi/bananapi-release-c8673931c96c/bpi-p2z/Armbian-unofficial_26.11.0-trunk_Bananapip2zero_jammy_current_6.18.49_minimal.img.xz	3f60cf3e4470a09f9f96fae89eb7b223da584fdcb4145e76f103a26be43b6ba6	c8673931c96c23c510dd29a28440e77f0b03286f	6a9a29372b9ef64baaf790b24ccad2f3b4ba6940a6ddfa932ddd8bb08171a633
bpi-p2z/bananapip2zero/current/jammy/xfce	整併候選	採用	/media/pi/SMCI/bpi/bananapi-release-c8673931c96c/bpi-p2z/Armbian-unofficial_26.11.0-trunk_Bananapip2zero_jammy_current_6.18.49_xfce_desktop.img.xz	6187efb97e38a94871bde7860868fd8e5c5a69f8af1ccd31ecfee5d4ccfd3897	c8673931c96c23c510dd29a28440e77f0b03286f	6a9a29372b9ef64baaf790b24ccad2f3b4ba6940a6ddfa932ddd8bb08171a633
bpi-p2z/bananapip2zero/current/noble/minimal	整併候選	採用	/media/pi/SMCI/bpi/bananapi-release-c8673931c96c/bpi-p2z/Armbian-unofficial_26.11.0-trunk_Bananapip2zero_noble_current_6.18.49_minimal.img.xz	237af3f6546dc3b3973445f838b9258d6d26d9d9c68042f019d96854ab26008b	c8673931c96c23c510dd29a28440e77f0b03286f	6a9a29372b9ef64baaf790b24ccad2f3b4ba6940a6ddfa932ddd8bb08171a633
bpi-p2z/bananapip2zero/current/noble/xfce	整併候選	採用	/media/pi/SMCI/bpi/bananapi-release-c8673931c96c/bpi-p2z/Armbian-unofficial_26.11.0-trunk_Bananapip2zero_noble_current_6.18.49_xfce_desktop.img.xz	74463abb5f7b13dde091cbf3c88026e4c55bfaf05aceb606c7601706ab448e6a	c8673931c96c23c510dd29a28440e77f0b03286f	6a9a29372b9ef64baaf790b24ccad2f3b4ba6940a6ddfa932ddd8bb08171a633
bpi-p2z/bananapip2zero/current/resolute/minimal	整併候選	採用	/media/pi/SMCI/bpi/bananapi-release-c8673931c96c/bpi-p2z/Armbian-unofficial_26.11.0-trunk_Bananapip2zero_resolute_current_6.18.49_minimal.img.xz	010b4d46308009e8e0b9a2d929a6403712c5acb48828d64ae9e84d650b056358	c8673931c96c23c510dd29a28440e77f0b03286f	6a9a29372b9ef64baaf790b24ccad2f3b4ba6940a6ddfa932ddd8bb08171a633
bpi-p2z/bananapip2zero/current/resolute/xfce	整併候選	採用	/media/pi/SMCI/bpi/bananapi-release-c8673931c96c/bpi-p2z/Armbian-unofficial_26.11.0-trunk_Bananapip2zero_resolute_current_6.18.49_xfce_desktop.img.xz	f86afd6684126c7e341b960e0bca10e8f5b4c883c1ca2014143cdbc5ba93523a	c8673931c96c23c510dd29a28440e77f0b03286f	6a9a29372b9ef64baaf790b24ccad2f3b4ba6940a6ddfa932ddd8bb08171a633
bpi-p2z/bananapip2zero/current/trixie/minimal	整併候選	採用	/media/pi/SMCI/bpi/bananapi-release-c8673931c96c/bpi-p2z/Armbian-unofficial_26.11.0-trunk_Bananapip2zero_trixie_current_6.18.49_minimal.img.xz	0a89cae5e708f3dc1a468236157b770dff346237f246b494c702cdac0bce61d2	c8673931c96c23c510dd29a28440e77f0b03286f	6a9a29372b9ef64baaf790b24ccad2f3b4ba6940a6ddfa932ddd8bb08171a633
bpi-p2z/bananapip2zero/current/trixie/xfce	整併候選	採用	/media/pi/SMCI/bpi/bananapi-release-c8673931c96c/bpi-p2z/Armbian-unofficial_26.11.0-trunk_Bananapip2zero_trixie_current_6.18.49_xfce_desktop.img.xz	0a575d11ff32a2b66c16025e190bb74fef21509a3edfcd94f8b86ef9ac7d4c2e	c8673931c96c23c510dd29a28440e77f0b03286f	6a9a29372b9ef64baaf790b24ccad2f3b4ba6940a6ddfa932ddd8bb08171a633
bpi-pro/bananapipro/current/bookworm/minimal	整併候選	採用	/media/pi/SMCI/bpi/bananapi-release-c8673931c96c/bpi-pro/Armbian-unofficial_26.11.0-trunk_Bananapipro_bookworm_current_6.18.49_minimal.img.xz	f8220e9ddd8c88cbb7467c4bf010e7466335a0b9b3f038c72635b9d0e1f17937	c8673931c96c23c510dd29a28440e77f0b03286f	6a9a29372b9ef64baaf790b24ccad2f3b4ba6940a6ddfa932ddd8bb08171a633
bpi-pro/bananapipro/current/bookworm/xfce	整併候選	採用	/media/pi/SMCI/bpi/bananapi-release-c8673931c96c/bpi-pro/Armbian-unofficial_26.11.0-trunk_Bananapipro_bookworm_current_6.18.49_xfce_desktop.img.xz	0c2197f127301c928a337640da66a9b8196e74d1def8144d982cd03aa210c0ad	c8673931c96c23c510dd29a28440e77f0b03286f	6a9a29372b9ef64baaf790b24ccad2f3b4ba6940a6ddfa932ddd8bb08171a633
bpi-pro/bananapipro/current/jammy/minimal	整併候選	採用	/media/pi/SMCI/bpi/bananapi-release-c8673931c96c/bpi-pro/Armbian-unofficial_26.11.0-trunk_Bananapipro_jammy_current_6.18.49_minimal.img.xz	f1d6297fab99461241ba641b1d46c6bf42f91e5cb93d209c32abdd21c20a3373	c8673931c96c23c510dd29a28440e77f0b03286f	6a9a29372b9ef64baaf790b24ccad2f3b4ba6940a6ddfa932ddd8bb08171a633
bpi-pro/bananapipro/current/jammy/xfce	整併候選	採用	/media/pi/SMCI/bpi/bananapi-release-c8673931c96c/bpi-pro/Armbian-unofficial_26.11.0-trunk_Bananapipro_jammy_current_6.18.49_xfce_desktop.img.xz	80db1ae66b885eee3275bce88b9597be84af0d67b72e3beee2742c55bfa64561	c8673931c96c23c510dd29a28440e77f0b03286f	6a9a29372b9ef64baaf790b24ccad2f3b4ba6940a6ddfa932ddd8bb08171a633
bpi-pro/bananapipro/current/noble/minimal	整併候選	採用	/media/pi/SMCI/bpi/bananapi-release-c8673931c96c/bpi-pro/Armbian-unofficial_26.11.0-trunk_Bananapipro_noble_current_6.18.49_minimal.img.xz	9a0dcbc5036b2ca9d87c308ef945ac3062afb5cbd9da86a065258a298bc86e30	c8673931c96c23c510dd29a28440e77f0b03286f	6a9a29372b9ef64baaf790b24ccad2f3b4ba6940a6ddfa932ddd8bb08171a633
bpi-pro/bananapipro/current/noble/xfce	整併候選	採用	/media/pi/SMCI/bpi/bananapi-release-c8673931c96c/bpi-pro/Armbian-unofficial_26.11.0-trunk_Bananapipro_noble_current_6.18.49_xfce_desktop.img.xz	d3337b57cd8ab08fda9925a59e5d2729d12c506d7e572f01aab4cbb4139f1a05	c8673931c96c23c510dd29a28440e77f0b03286f	6a9a29372b9ef64baaf790b24ccad2f3b4ba6940a6ddfa932ddd8bb08171a633
bpi-pro/bananapipro/current/resolute/minimal	整併候選	採用	/media/pi/SMCI/bpi/bananapi-release-c8673931c96c/bpi-pro/Armbian-unofficial_26.11.0-trunk_Bananapipro_resolute_current_6.18.49_minimal.img.xz	8c5911e66bb573130e7bf918f3538acd54adcdc7680f8f23348c237338c935a2	c8673931c96c23c510dd29a28440e77f0b03286f	6a9a29372b9ef64baaf790b24ccad2f3b4ba6940a6ddfa932ddd8bb08171a633
bpi-pro/bananapipro/current/resolute/xfce	整併候選	採用	/media/pi/SMCI/bpi/bananapi-release-c8673931c96c/bpi-pro/Armbian-unofficial_26.11.0-trunk_Bananapipro_resolute_current_6.18.49_xfce_desktop.img.xz	2c03344b3a144ea60be9ff5af07a87ffac85dd02b0251828c08ae9d7700cc34c	c8673931c96c23c510dd29a28440e77f0b03286f	6a9a29372b9ef64baaf790b24ccad2f3b4ba6940a6ddfa932ddd8bb08171a633
bpi-pro/bananapipro/current/trixie/minimal	整併候選	採用	/media/pi/SMCI/bpi/bananapi-release-c8673931c96c/bpi-pro/Armbian-unofficial_26.11.0-trunk_Bananapipro_trixie_current_6.18.49_minimal.img.xz	6f0373d65308f6b92152400f3fcd9d51529749f6a526d7f982e012a24128623e	c8673931c96c23c510dd29a28440e77f0b03286f	6a9a29372b9ef64baaf790b24ccad2f3b4ba6940a6ddfa932ddd8bb08171a633
bpi-pro/bananapipro/current/trixie/xfce	整併候選	採用	/media/pi/SMCI/bpi/bananapi-release-c8673931c96c/bpi-pro/Armbian-unofficial_26.11.0-trunk_Bananapipro_trixie_current_6.18.49_xfce_desktop.img.xz	1cfa699df82af19094cb3042794843a886477bb2b8a592b34b59631d67f8dae2	c8673931c96c23c510dd29a28440e77f0b03286f	6a9a29372b9ef64baaf790b24ccad2f3b4ba6940a6ddfa932ddd8bb08171a633
bpi-r2/bananapir2/current/bookworm/minimal	整併候選	採用	/media/pi/SMCI/bpi/bananapi-release-c8673931c96c/bpi-r2/Armbian-unofficial_26.11.0-trunk_Bananapir2_bookworm_current_6.6.153_minimal.img.xz	38a736cbc41c21cb7969e18d0f7954a5ea217af70f347beadb0883ef6e2d58e5	c8673931c96c23c510dd29a28440e77f0b03286f	6a9a29372b9ef64baaf790b24ccad2f3b4ba6940a6ddfa932ddd8bb08171a633
bpi-r2/bananapir2/current/bookworm/xfce	整併候選	採用	/media/pi/SMCI/bpi/bananapi-release-c8673931c96c/bpi-r2/Armbian-unofficial_26.11.0-trunk_Bananapir2_bookworm_current_6.6.153_xfce_desktop.img.xz	b151637ba20b0647285a2cce930419adc06e54d16959da7b24ac7fa25a3c0cec	c8673931c96c23c510dd29a28440e77f0b03286f	6a9a29372b9ef64baaf790b24ccad2f3b4ba6940a6ddfa932ddd8bb08171a633
bpi-r2/bananapir2/current/jammy/minimal	整併候選	採用	/media/pi/SMCI/bpi/bananapi-release-c8673931c96c/bpi-r2/Armbian-unofficial_26.11.0-trunk_Bananapir2_jammy_current_6.6.153_minimal.img.xz	6f638ae2ad792e6ea309dc3aee3ab00267ad58cd92beb33ef26051b14372b526	c8673931c96c23c510dd29a28440e77f0b03286f	6a9a29372b9ef64baaf790b24ccad2f3b4ba6940a6ddfa932ddd8bb08171a633
bpi-r2/bananapir2/current/jammy/xfce	整併候選	採用	/media/pi/SMCI/bpi/bananapi-release-c8673931c96c/bpi-r2/Armbian-unofficial_26.11.0-trunk_Bananapir2_jammy_current_6.6.153_xfce_desktop.img.xz	4e1ee6bd41daed19fc016202fe01ab9a897abaf17111461e98560f01ef69ad53	c8673931c96c23c510dd29a28440e77f0b03286f	6a9a29372b9ef64baaf790b24ccad2f3b4ba6940a6ddfa932ddd8bb08171a633
bpi-r2/bananapir2/current/noble/minimal	整併候選	採用	/media/pi/SMCI/bpi/bananapi-release-c8673931c96c/bpi-r2/Armbian-unofficial_26.11.0-trunk_Bananapir2_noble_current_6.6.153_minimal.img.xz	b99440f66a0f81f9384cf44e5e8d35ab55eeb4ada230e817b2610e6d6cf302ca	c8673931c96c23c510dd29a28440e77f0b03286f	6a9a29372b9ef64baaf790b24ccad2f3b4ba6940a6ddfa932ddd8bb08171a633
bpi-r2/bananapir2/current/noble/xfce	整併候選	採用	/media/pi/SMCI/bpi/bananapi-release-c8673931c96c/bpi-r2/Armbian-unofficial_26.11.0-trunk_Bananapir2_noble_current_6.6.153_xfce_desktop.img.xz	737fdf39a7a444eed185d499ac95f41372c5a3ceef5d24bf2da8ffce9061eb4c	c8673931c96c23c510dd29a28440e77f0b03286f	6a9a29372b9ef64baaf790b24ccad2f3b4ba6940a6ddfa932ddd8bb08171a633
bpi-r2/bananapir2/current/resolute/minimal	整併候選	採用	/media/pi/SMCI/bpi/bananapi-release-c8673931c96c/bpi-r2/Armbian-unofficial_26.11.0-trunk_Bananapir2_resolute_current_6.6.153_minimal.img.xz	7c83804d7392377725b9ba3a12af2314a9357aaa5035b79804dd72999020b452	c8673931c96c23c510dd29a28440e77f0b03286f	6a9a29372b9ef64baaf790b24ccad2f3b4ba6940a6ddfa932ddd8bb08171a633
bpi-r2/bananapir2/current/resolute/xfce	整併候選	採用	/media/pi/SMCI/bpi/bananapi-release-c8673931c96c/bpi-r2/Armbian-unofficial_26.11.0-trunk_Bananapir2_resolute_current_6.6.153_xfce_desktop.img.xz	c971559c484191a3b11b656b6b2f6c1e7912bdf468db3baf1fddc76fe811ecfb	c8673931c96c23c510dd29a28440e77f0b03286f	6a9a29372b9ef64baaf790b24ccad2f3b4ba6940a6ddfa932ddd8bb08171a633
bpi-r2/bananapir2/current/trixie/minimal	整併候選	採用	/media/pi/SMCI/bpi/bananapi-release-c8673931c96c/bpi-r2/Armbian-unofficial_26.11.0-trunk_Bananapir2_trixie_current_6.6.153_minimal.img.xz	9d6e398f9c2d007ed0fdadcde4ede1c3afc1af30c1ec3d75833035dd77ddd305	c8673931c96c23c510dd29a28440e77f0b03286f	6a9a29372b9ef64baaf790b24ccad2f3b4ba6940a6ddfa932ddd8bb08171a633
bpi-r2/bananapir2/current/trixie/xfce	整併候選	採用	/media/pi/SMCI/bpi/bananapi-release-c8673931c96c/bpi-r2/Armbian-unofficial_26.11.0-trunk_Bananapir2_trixie_current_6.6.153_xfce_desktop.img.xz	9493f36780d3cba13626ebbbcc56a3e0cf921523ce7e278fe69c17a4c8f6440b	c8673931c96c23c510dd29a28440e77f0b03286f	6a9a29372b9ef64baaf790b24ccad2f3b4ba6940a6ddfa932ddd8bb08171a633
bpi-r2pro/bananapir2pro/current/bookworm/minimal	整併候選	採用	/media/pi/SMCI/bpi/bananapi-release-c8673931c96c/bpi-r2pro/Armbian-unofficial_26.11.0-trunk_Bananapir2pro_bookworm_current_6.18.46_minimal.img.xz	f35fd32fa1a461092219bffaecdb5ae95eeb1a7a852168b6bafcda0e6a06da0f	c8673931c96c23c510dd29a28440e77f0b03286f	6a9a29372b9ef64baaf790b24ccad2f3b4ba6940a6ddfa932ddd8bb08171a633
bpi-r2pro/bananapir2pro/current/bookworm/xfce	整併候選	採用	/media/pi/SMCI/bpi/bananapi-release-c8673931c96c/bpi-r2pro/Armbian-unofficial_26.11.0-trunk_Bananapir2pro_bookworm_current_6.18.46_xfce_desktop.img.xz	33c237f75d55eb093cee3583693b696c6fe2a6595650faaf2a959eccd2baf8cd	c8673931c96c23c510dd29a28440e77f0b03286f	6a9a29372b9ef64baaf790b24ccad2f3b4ba6940a6ddfa932ddd8bb08171a633
bpi-r2pro/bananapir2pro/current/jammy/minimal	整併候選	採用	/media/pi/SMCI/bpi/bananapi-release-c8673931c96c/bpi-r2pro/Armbian-unofficial_26.11.0-trunk_Bananapir2pro_jammy_current_6.18.46_minimal.img.xz	f479e0569aa387a39a128b24b1ddf37ccfd8ab899900c08274e6d172fd3372a6	c8673931c96c23c510dd29a28440e77f0b03286f	6a9a29372b9ef64baaf790b24ccad2f3b4ba6940a6ddfa932ddd8bb08171a633
bpi-r2pro/bananapir2pro/current/jammy/xfce	整併候選	採用	/media/pi/SMCI/bpi/bananapi-release-c8673931c96c/bpi-r2pro/Armbian-unofficial_26.11.0-trunk_Bananapir2pro_jammy_current_6.18.46_xfce_desktop.img.xz	079bfb8612c4658c2c310a3996db6a63a1d97bf2979de39b77a0e90caa755aa6	c8673931c96c23c510dd29a28440e77f0b03286f	6a9a29372b9ef64baaf790b24ccad2f3b4ba6940a6ddfa932ddd8bb08171a633
bpi-r2pro/bananapir2pro/current/noble/minimal	整併候選	採用	/media/pi/SMCI/bpi/bananapi-release-c8673931c96c/bpi-r2pro/Armbian-unofficial_26.11.0-trunk_Bananapir2pro_noble_current_6.18.46_minimal.img.xz	7ed6d3a116789c3aca8352bffaa5e967ea940fdab02476cdb82eccae706c9b5f	c8673931c96c23c510dd29a28440e77f0b03286f	6a9a29372b9ef64baaf790b24ccad2f3b4ba6940a6ddfa932ddd8bb08171a633
bpi-r2pro/bananapir2pro/current/noble/xfce	整併候選	採用	/media/pi/SMCI/bpi/bananapi-release-c8673931c96c/bpi-r2pro/Armbian-unofficial_26.11.0-trunk_Bananapir2pro_noble_current_6.18.46_xfce_desktop.img.xz	7c1167667e8bdd18515369eff59e79dc49bcf08815d2dda148d5e290e3c09850	c8673931c96c23c510dd29a28440e77f0b03286f	6a9a29372b9ef64baaf790b24ccad2f3b4ba6940a6ddfa932ddd8bb08171a633
bpi-r2pro/bananapir2pro/current/resolute/minimal	整併候選	採用	/media/pi/SMCI/bpi/bananapi-release-c8673931c96c/bpi-r2pro/Armbian-unofficial_26.11.0-trunk_Bananapir2pro_resolute_current_6.18.46_minimal.img.xz	945e11a65b11b01d174b016e4dd444833d88481020caf0094ef73ecc76e67482	c8673931c96c23c510dd29a28440e77f0b03286f	6a9a29372b9ef64baaf790b24ccad2f3b4ba6940a6ddfa932ddd8bb08171a633
bpi-r2pro/bananapir2pro/current/resolute/xfce	整併候選	採用	/media/pi/SMCI/bpi/bananapi-release-c8673931c96c/bpi-r2pro/Armbian-unofficial_26.11.0-trunk_Bananapir2pro_resolute_current_6.18.46_xfce_desktop.img.xz	26c2c897dba8a1ba1e07310fd3b81fe528ef844d833f623eedacf088173ec6ee	c8673931c96c23c510dd29a28440e77f0b03286f	6a9a29372b9ef64baaf790b24ccad2f3b4ba6940a6ddfa932ddd8bb08171a633
bpi-r2pro/bananapir2pro/current/trixie/minimal	整併候選	採用	/media/pi/SMCI/bpi/bananapi-release-c8673931c96c/bpi-r2pro/Armbian-unofficial_26.11.0-trunk_Bananapir2pro_trixie_current_6.18.46_minimal.img.xz	b632c685be9427a8101d36c72d50c9f1e3e330e25ca60d63f95d3fc99b468c2e	c8673931c96c23c510dd29a28440e77f0b03286f	6a9a29372b9ef64baaf790b24ccad2f3b4ba6940a6ddfa932ddd8bb08171a633
bpi-r2pro/bananapir2pro/current/trixie/xfce	整併候選	採用	/media/pi/SMCI/bpi/bananapi-release-c8673931c96c/bpi-r2pro/Armbian-unofficial_26.11.0-trunk_Bananapir2pro_trixie_current_6.18.46_xfce_desktop.img.xz	d06c859db724a00e39e3ea4c9681f0d3637052ba13c97a90f1fc2379cc2ada74	c8673931c96c23c510dd29a28440e77f0b03286f	6a9a29372b9ef64baaf790b24ccad2f3b4ba6940a6ddfa932ddd8bb08171a633
bpi-r3/bananapir3/current/bookworm/minimal	整併候選	採用	/media/pi/SMCI/bpi/bananapi-release-c8673931c96c/bpi-r3/Armbian-unofficial_26.11.0-trunk_Bananapir3_bookworm_current_6.12.82_minimal.img.xz	8efefcb67820685a106a96bc48b6f492ff57d27ca8c7582620853b28a2079443	c8673931c96c23c510dd29a28440e77f0b03286f	6a9a29372b9ef64baaf790b24ccad2f3b4ba6940a6ddfa932ddd8bb08171a633
bpi-r3/bananapir3/current/bookworm/xfce	整併候選	採用	/media/pi/SMCI/bpi/bananapi-release-c8673931c96c/bpi-r3/Armbian-unofficial_26.11.0-trunk_Bananapir3_bookworm_current_6.12.82_xfce_desktop.img.xz	13793712ae70cf226dbdce60bf959991ccdbc92689d8be99b78dd066f1081a77	c8673931c96c23c510dd29a28440e77f0b03286f	6a9a29372b9ef64baaf790b24ccad2f3b4ba6940a6ddfa932ddd8bb08171a633
bpi-r3/bananapir3/current/jammy/minimal	整併候選	採用	/media/pi/SMCI/bpi/bananapi-release-c8673931c96c/bpi-r3/Armbian-unofficial_26.11.0-trunk_Bananapir3_jammy_current_6.12.82_minimal.img.xz	8627c340bdc6ced476be91384a04e5a0c6380aa343f720e21383ed223eed5a73	c8673931c96c23c510dd29a28440e77f0b03286f	6a9a29372b9ef64baaf790b24ccad2f3b4ba6940a6ddfa932ddd8bb08171a633
bpi-r3/bananapir3/current/jammy/xfce	整併候選	採用	/media/pi/SMCI/bpi/bananapi-release-c8673931c96c/bpi-r3/Armbian-unofficial_26.11.0-trunk_Bananapir3_jammy_current_6.12.82_xfce_desktop.img.xz	ed1b780a1b74820c6f0903d907c33a76583a71b9f45f78c3ab7a0dbf4665c23b	c8673931c96c23c510dd29a28440e77f0b03286f	6a9a29372b9ef64baaf790b24ccad2f3b4ba6940a6ddfa932ddd8bb08171a633
bpi-r3/bananapir3/current/noble/minimal	整併候選	採用	/media/pi/SMCI/bpi/bananapi-release-c8673931c96c/bpi-r3/Armbian-unofficial_26.11.0-trunk_Bananapir3_noble_current_6.12.82_minimal.img.xz	785716c8f13c7272fa8541c0eb727b997bcae212169cbfab40fefa844cc62969	c8673931c96c23c510dd29a28440e77f0b03286f	6a9a29372b9ef64baaf790b24ccad2f3b4ba6940a6ddfa932ddd8bb08171a633
bpi-r3/bananapir3/current/noble/xfce	整併候選	採用	/media/pi/SMCI/bpi/bananapi-release-c8673931c96c/bpi-r3/Armbian-unofficial_26.11.0-trunk_Bananapir3_noble_current_6.12.82_xfce_desktop.img.xz	6277b06e5e2821413d10a87283c9ad03fe953cf2fc4dd3bfac85a9c9c2254fe2	c8673931c96c23c510dd29a28440e77f0b03286f	6a9a29372b9ef64baaf790b24ccad2f3b4ba6940a6ddfa932ddd8bb08171a633
bpi-r3/bananapir3/current/resolute/minimal	整併候選	採用	/media/pi/SMCI/bpi/bananapi-release-c8673931c96c/bpi-r3/Armbian-unofficial_26.11.0-trunk_Bananapir3_resolute_current_6.12.82_minimal.img.xz	cea3d721f6d8b1888ffbae261692d5a0caf1203bd2eab9bc9871d43074857b13	c8673931c96c23c510dd29a28440e77f0b03286f	6a9a29372b9ef64baaf790b24ccad2f3b4ba6940a6ddfa932ddd8bb08171a633
bpi-r3/bananapir3/current/resolute/xfce	整併候選	採用	/media/pi/SMCI/bpi/bananapi-release-c8673931c96c/bpi-r3/Armbian-unofficial_26.11.0-trunk_Bananapir3_resolute_current_6.12.82_xfce_desktop.img.xz	16b17b06be5595b3f6f57ef63f12a0e9031c5a497fcb362efb2752de80352bac	c8673931c96c23c510dd29a28440e77f0b03286f	6a9a29372b9ef64baaf790b24ccad2f3b4ba6940a6ddfa932ddd8bb08171a633
bpi-r3/bananapir3/current/trixie/minimal	整併候選	採用	/media/pi/SMCI/bpi/bananapi-release-c8673931c96c/bpi-r3/Armbian-unofficial_26.11.0-trunk_Bananapir3_trixie_current_6.12.82_minimal.img.xz	bcb2792ab90ead7703534371fd5f85693fd810ff55e3c893037d566e80e6fc6b	c8673931c96c23c510dd29a28440e77f0b03286f	6a9a29372b9ef64baaf790b24ccad2f3b4ba6940a6ddfa932ddd8bb08171a633
bpi-r3/bananapir3/current/trixie/xfce	整併候選	採用	/media/pi/SMCI/bpi/bananapi-release-c8673931c96c/bpi-r3/Armbian-unofficial_26.11.0-trunk_Bananapir3_trixie_current_6.12.82_xfce_desktop.img.xz	5018d5d3d4ac69e6cbf31fe7ca48bbbc1cd70e6886a698f48978b09ae3a44fba	c8673931c96c23c510dd29a28440e77f0b03286f	6a9a29372b9ef64baaf790b24ccad2f3b4ba6940a6ddfa932ddd8bb08171a633
bpi-r3mini/bananapir3mini/current/bookworm/minimal	整併候選	採用	/media/pi/SMCI/bpi/bananapi-release-c8673931c96c/bpi-r3mini/Armbian-unofficial_26.11.0-trunk_Bananapir3mini_bookworm_current_6.12.82_minimal.img.xz	ca9f109bb168b42281107ef5752d25f7e936ecd501c96b3c879c173411a72c7a	c8673931c96c23c510dd29a28440e77f0b03286f	6a9a29372b9ef64baaf790b24ccad2f3b4ba6940a6ddfa932ddd8bb08171a633
bpi-r3mini/bananapir3mini/current/bookworm/xfce	整併候選	採用	/media/pi/SMCI/bpi/bananapi-release-c8673931c96c/bpi-r3mini/Armbian-unofficial_26.11.0-trunk_Bananapir3mini_bookworm_current_6.12.82_xfce_desktop.img.xz	948bcaec9ebaf83a289a91a0697f2d95cd5ba22920faf28e10036114eef6aca3	c8673931c96c23c510dd29a28440e77f0b03286f	6a9a29372b9ef64baaf790b24ccad2f3b4ba6940a6ddfa932ddd8bb08171a633
bpi-r3mini/bananapir3mini/current/jammy/minimal	整併候選	採用	/media/pi/SMCI/bpi/bananapi-release-c8673931c96c/bpi-r3mini/Armbian-unofficial_26.11.0-trunk_Bananapir3mini_jammy_current_6.12.82_minimal.img.xz	c8ec5c2bdf8b8895b82e4ac57530f030741586f387cfa3b5e04013b5f53b412f	c8673931c96c23c510dd29a28440e77f0b03286f	6a9a29372b9ef64baaf790b24ccad2f3b4ba6940a6ddfa932ddd8bb08171a633
bpi-r3mini/bananapir3mini/current/jammy/xfce	整併候選	採用	/media/pi/SMCI/bpi/bananapi-release-c8673931c96c/bpi-r3mini/Armbian-unofficial_26.11.0-trunk_Bananapir3mini_jammy_current_6.12.82_xfce_desktop.img.xz	7f10510ce9bdf83a3703f336c1c98016a78fc1312a16551350af9ccd9aa521d2	c8673931c96c23c510dd29a28440e77f0b03286f	6a9a29372b9ef64baaf790b24ccad2f3b4ba6940a6ddfa932ddd8bb08171a633
bpi-r3mini/bananapir3mini/current/noble/minimal	整併候選	採用	/media/pi/SMCI/bpi/bananapi-release-c8673931c96c/bpi-r3mini/Armbian-unofficial_26.11.0-trunk_Bananapir3mini_noble_current_6.12.82_minimal.img.xz	a4cd86d17952acfabfba645cd9d92974d90ca20c32c1b0253d8d3ac5dff0e007	c8673931c96c23c510dd29a28440e77f0b03286f	6a9a29372b9ef64baaf790b24ccad2f3b4ba6940a6ddfa932ddd8bb08171a633
bpi-r3mini/bananapir3mini/current/noble/xfce	整併候選	採用	/media/pi/SMCI/bpi/bananapi-release-c8673931c96c/bpi-r3mini/Armbian-unofficial_26.11.0-trunk_Bananapir3mini_noble_current_6.12.82_xfce_desktop.img.xz	836985feb7d9644950a812ae1bbcb0f7f663fedea261c0901ef7dc8456197073	c8673931c96c23c510dd29a28440e77f0b03286f	6a9a29372b9ef64baaf790b24ccad2f3b4ba6940a6ddfa932ddd8bb08171a633
bpi-r3mini/bananapir3mini/current/resolute/minimal	整併候選	採用	/media/pi/SMCI/bpi/bananapi-release-c8673931c96c/bpi-r3mini/Armbian-unofficial_26.11.0-trunk_Bananapir3mini_resolute_current_6.12.82_minimal.img.xz	90e312c4abde5e4384733c3e3944c11b4779893cb22e1c1d575a7ee68209f6a6	c8673931c96c23c510dd29a28440e77f0b03286f	6a9a29372b9ef64baaf790b24ccad2f3b4ba6940a6ddfa932ddd8bb08171a633
bpi-r3mini/bananapir3mini/current/resolute/xfce	整併候選	採用	/media/pi/SMCI/bpi/bananapi-release-c8673931c96c/bpi-r3mini/Armbian-unofficial_26.11.0-trunk_Bananapir3mini_resolute_current_6.12.82_xfce_desktop.img.xz	e3bd7949f61157901b78955cf25c7cd25cc4829cf03bdab6fbf902116292de36	c8673931c96c23c510dd29a28440e77f0b03286f	6a9a29372b9ef64baaf790b24ccad2f3b4ba6940a6ddfa932ddd8bb08171a633
bpi-r3mini/bananapir3mini/current/trixie/minimal	整併候選	採用	/media/pi/SMCI/bpi/bananapi-release-c8673931c96c/bpi-r3mini/Armbian-unofficial_26.11.0-trunk_Bananapir3mini_trixie_current_6.12.82_minimal.img.xz	14dc397bba27f1beee3b94d7e7900fa8224526f6d146ae0de3d3caf878db7aeb	c8673931c96c23c510dd29a28440e77f0b03286f	6a9a29372b9ef64baaf790b24ccad2f3b4ba6940a6ddfa932ddd8bb08171a633
bpi-r3mini/bananapir3mini/current/trixie/xfce	整併候選	採用	/media/pi/SMCI/bpi/bananapi-release-c8673931c96c/bpi-r3mini/Armbian-unofficial_26.11.0-trunk_Bananapir3mini_trixie_current_6.12.82_xfce_desktop.img.xz	71ce6b8a3077f4eed88872248ce00a390f4ad5fb50261e2d5745d139597627d6	c8673931c96c23c510dd29a28440e77f0b03286f	6a9a29372b9ef64baaf790b24ccad2f3b4ba6940a6ddfa932ddd8bb08171a633
bpi-r4/bananapir4/current/bookworm/minimal	整併候選	採用	/media/pi/SMCI/bpi/bananapi-release-c8673931c96c/bpi-r4/Armbian-unofficial_26.11.0-trunk_Bananapir4_bookworm_current_6.12.82_minimal.img.xz	cec59b5a17d3007e5ce0f2d7e3409da9ed3ffb33fc3f254a12af902ef8c1c30d	c8673931c96c23c510dd29a28440e77f0b03286f	6a9a29372b9ef64baaf790b24ccad2f3b4ba6940a6ddfa932ddd8bb08171a633
bpi-r4/bananapir4/current/bookworm/xfce	整併候選	採用	/media/pi/SMCI/bpi/bananapi-release-c8673931c96c/bpi-r4/Armbian-unofficial_26.11.0-trunk_Bananapir4_bookworm_current_6.12.82_xfce_desktop.img.xz	f5fa82bdc046f125849c799a25c52ab1fff35b88065e2e68a2ac86935031c8b7	c8673931c96c23c510dd29a28440e77f0b03286f	6a9a29372b9ef64baaf790b24ccad2f3b4ba6940a6ddfa932ddd8bb08171a633
bpi-r4/bananapir4/current/jammy/minimal	整併候選	採用	/media/pi/SMCI/bpi/bananapi-release-c8673931c96c/bpi-r4/Armbian-unofficial_26.11.0-trunk_Bananapir4_jammy_current_6.12.82_minimal.img.xz	f9c8276cad09aa78eb4ab81eefdae250d7366095bdd483ab841ed1f41d1ed170	c8673931c96c23c510dd29a28440e77f0b03286f	6a9a29372b9ef64baaf790b24ccad2f3b4ba6940a6ddfa932ddd8bb08171a633
bpi-r4/bananapir4/current/jammy/xfce	整併候選	採用	/media/pi/SMCI/bpi/bananapi-release-c8673931c96c/bpi-r4/Armbian-unofficial_26.11.0-trunk_Bananapir4_jammy_current_6.12.82_xfce_desktop.img.xz	68972a2293e12d59970b4848cf6c9802ce5914c344a72163a2d6cd40d5ad5408	c8673931c96c23c510dd29a28440e77f0b03286f	6a9a29372b9ef64baaf790b24ccad2f3b4ba6940a6ddfa932ddd8bb08171a633
bpi-r4/bananapir4/current/noble/minimal	整併候選	採用	/media/pi/SMCI/bpi/bananapi-release-c8673931c96c/bpi-r4/Armbian-unofficial_26.11.0-trunk_Bananapir4_noble_current_6.12.82_minimal.img.xz	f736db3d51919076e5506b75818b7b736e36bd66b98d0316f2e5c31ab328f6e2	c8673931c96c23c510dd29a28440e77f0b03286f	6a9a29372b9ef64baaf790b24ccad2f3b4ba6940a6ddfa932ddd8bb08171a633
bpi-r4/bananapir4/current/noble/xfce	整併候選	採用	/media/pi/SMCI/bpi/bananapi-release-c8673931c96c/bpi-r4/Armbian-unofficial_26.11.0-trunk_Bananapir4_noble_current_6.12.82_xfce_desktop.img.xz	7a0f0989a692b92bde639134afd873601a54fe21a013d97ebcbf980c74e88d53	c8673931c96c23c510dd29a28440e77f0b03286f	6a9a29372b9ef64baaf790b24ccad2f3b4ba6940a6ddfa932ddd8bb08171a633
bpi-r4/bananapir4/current/resolute/minimal	整併候選	採用	/media/pi/SMCI/bpi/bananapi-release-c8673931c96c/bpi-r4/Armbian-unofficial_26.11.0-trunk_Bananapir4_resolute_current_6.12.82_minimal.img.xz	ca4badc77f063de7658f55635135fc9f117527719bcfd88f5b79e67265cc7bfd	c8673931c96c23c510dd29a28440e77f0b03286f	6a9a29372b9ef64baaf790b24ccad2f3b4ba6940a6ddfa932ddd8bb08171a633
bpi-r4/bananapir4/current/resolute/xfce	整併候選	採用	/media/pi/SMCI/bpi/bananapi-release-c8673931c96c/bpi-r4/Armbian-unofficial_26.11.0-trunk_Bananapir4_resolute_current_6.12.82_xfce_desktop.img.xz	ff36f3d71fc70c3066f5737bfa5515e5143aef60ecca254e6dafb3f17234b0cb	c8673931c96c23c510dd29a28440e77f0b03286f	6a9a29372b9ef64baaf790b24ccad2f3b4ba6940a6ddfa932ddd8bb08171a633
bpi-r4/bananapir4/current/trixie/minimal	整併候選	採用	/media/pi/SMCI/bpi/bananapi-release-c8673931c96c/bpi-r4/Armbian-unofficial_26.11.0-trunk_Bananapir4_trixie_current_6.12.82_minimal.img.xz	1cdbddb1474bcfb6085880494dcca70fe689fc3191c9db9ca8837832d7c05216	c8673931c96c23c510dd29a28440e77f0b03286f	6a9a29372b9ef64baaf790b24ccad2f3b4ba6940a6ddfa932ddd8bb08171a633
bpi-r4/bananapir4/current/trixie/xfce	整併候選	採用	/media/pi/SMCI/bpi/bananapi-release-c8673931c96c/bpi-r4/Armbian-unofficial_26.11.0-trunk_Bananapir4_trixie_current_6.12.82_xfce_desktop.img.xz	a8c7e7b0e6c2332285b110d69bb2136f59a01b5ec02d6fcf5df0ff864333f14a	c8673931c96c23c510dd29a28440e77f0b03286f	6a9a29372b9ef64baaf790b24ccad2f3b4ba6940a6ddfa932ddd8bb08171a633
bpi-r4lite/bananapir4lite/current/bookworm/minimal	整併候選	採用	/media/pi/SMCI/bpi/bananapi-release-c8673931c96c/bpi-r4lite/Armbian-unofficial_26.11.0-trunk_Bananapir4lite_bookworm_current_6.17.0-rc1_minimal.img.xz	c98822c7c7c571b8a590f1c2ed8f00592e1881a0d0c92fdc1c648302140a5d06	c8673931c96c23c510dd29a28440e77f0b03286f	6a9a29372b9ef64baaf790b24ccad2f3b4ba6940a6ddfa932ddd8bb08171a633
bpi-r4lite/bananapir4lite/current/bookworm/xfce	整併候選	採用	/media/pi/SMCI/bpi/bananapi-release-c8673931c96c/bpi-r4lite/Armbian-unofficial_26.11.0-trunk_Bananapir4lite_bookworm_current_6.17.0-rc1_xfce_desktop.img.xz	d039342d5c687f8bef622aaff28fff71d73b62381d3b85b811c2066196d1a7c0	c8673931c96c23c510dd29a28440e77f0b03286f	6a9a29372b9ef64baaf790b24ccad2f3b4ba6940a6ddfa932ddd8bb08171a633
bpi-r4lite/bananapir4lite/current/jammy/minimal	整併候選	採用	/media/pi/SMCI/bpi/bananapi-release-c8673931c96c/bpi-r4lite/Armbian-unofficial_26.11.0-trunk_Bananapir4lite_jammy_current_6.17.0-rc1_minimal.img.xz	d8306eff4c629697f54b85352d792dc31b33231e620bf095503ae9998db22189	c8673931c96c23c510dd29a28440e77f0b03286f	6a9a29372b9ef64baaf790b24ccad2f3b4ba6940a6ddfa932ddd8bb08171a633
bpi-r4lite/bananapir4lite/current/jammy/xfce	整併候選	採用	/media/pi/SMCI/bpi/bananapi-release-c8673931c96c/bpi-r4lite/Armbian-unofficial_26.11.0-trunk_Bananapir4lite_jammy_current_6.17.0-rc1_xfce_desktop.img.xz	60d60cbfbde2f648d4bc97c754d3b55d58fe38ca7e4504583fdf0060d87f17a5	c8673931c96c23c510dd29a28440e77f0b03286f	6a9a29372b9ef64baaf790b24ccad2f3b4ba6940a6ddfa932ddd8bb08171a633
bpi-r4lite/bananapir4lite/current/noble/minimal	整併候選	採用	/media/pi/SMCI/bpi/bananapi-release-c8673931c96c/bpi-r4lite/Armbian-unofficial_26.11.0-trunk_Bananapir4lite_noble_current_6.17.0-rc1_minimal.img.xz	016daa3536e5e2e0394c8c156b3ee229cdb5393968322b4b9208cb18e78aedd4	c8673931c96c23c510dd29a28440e77f0b03286f	6a9a29372b9ef64baaf790b24ccad2f3b4ba6940a6ddfa932ddd8bb08171a633
bpi-r4lite/bananapir4lite/current/noble/xfce	整併候選	採用	/media/pi/SMCI/bpi/bananapi-release-c8673931c96c/bpi-r4lite/Armbian-unofficial_26.11.0-trunk_Bananapir4lite_noble_current_6.17.0-rc1_xfce_desktop.img.xz	458f2222456717cb2bcf8a9f2c7d569b84198755673cc78a8814996602207312	c8673931c96c23c510dd29a28440e77f0b03286f	6a9a29372b9ef64baaf790b24ccad2f3b4ba6940a6ddfa932ddd8bb08171a633
bpi-r4lite/bananapir4lite/current/resolute/minimal	整併候選	採用	/media/pi/SMCI/bpi/bananapi-release-c8673931c96c/bpi-r4lite/Armbian-unofficial_26.11.0-trunk_Bananapir4lite_resolute_current_6.17.0-rc1_minimal.img.xz	988d7ed1349eeae27d5b7c3995269297f8fc90375046de0dcb3156bd8f79b706	c8673931c96c23c510dd29a28440e77f0b03286f	6a9a29372b9ef64baaf790b24ccad2f3b4ba6940a6ddfa932ddd8bb08171a633
bpi-r4lite/bananapir4lite/current/resolute/xfce	整併候選	採用	/media/pi/SMCI/bpi/bananapi-release-c8673931c96c/bpi-r4lite/Armbian-unofficial_26.11.0-trunk_Bananapir4lite_resolute_current_6.17.0-rc1_xfce_desktop.img.xz	ecef56e9a42c5651c57d0dd525df433278bcb7e26e76cbb8a6b71fdcab6cbc6e	c8673931c96c23c510dd29a28440e77f0b03286f	6a9a29372b9ef64baaf790b24ccad2f3b4ba6940a6ddfa932ddd8bb08171a633
bpi-r4lite/bananapir4lite/current/trixie/minimal	整併候選	採用	/media/pi/SMCI/bpi/bananapi-release-c8673931c96c/bpi-r4lite/Armbian-unofficial_26.11.0-trunk_Bananapir4lite_trixie_current_6.17.0-rc1_minimal.img.xz	392573541dc7ba232585ada8c0ddc69bceda1eb1bacd5c64ac45135409ffdb98	c8673931c96c23c510dd29a28440e77f0b03286f	6a9a29372b9ef64baaf790b24ccad2f3b4ba6940a6ddfa932ddd8bb08171a633
bpi-r4lite/bananapir4lite/current/trixie/xfce	整併候選	採用	/media/pi/SMCI/bpi/bananapi-release-c8673931c96c/bpi-r4lite/Armbian-unofficial_26.11.0-trunk_Bananapir4lite_trixie_current_6.17.0-rc1_xfce_desktop.img.xz	1f0e9b8411eaeb91c62562e037267ba80d3d24fa5b2862356eab13848dcbb90d	c8673931c96c23c510dd29a28440e77f0b03286f	6a9a29372b9ef64baaf790b24ccad2f3b4ba6940a6ddfa932ddd8bb08171a633
bpi-r4pro/bananapir4pro/current/bookworm/minimal	整併候選	採用	/media/pi/SMCI/bpi/bananapi-release-c8673931c96c/bpi-r4pro/Armbian-unofficial_26.11.0-trunk_Bananapir4pro_bookworm_current_6.19.0-rc1_minimal.img.xz	d999d64e774b07684889a186e6fff5fd3a46cddcc38d4b4ccbec8b4083e503fb	c8673931c96c23c510dd29a28440e77f0b03286f	6a9a29372b9ef64baaf790b24ccad2f3b4ba6940a6ddfa932ddd8bb08171a633
bpi-r4pro/bananapir4pro/current/bookworm/xfce	整併候選	採用	/media/pi/SMCI/bpi/bananapi-release-c8673931c96c/bpi-r4pro/Armbian-unofficial_26.11.0-trunk_Bananapir4pro_bookworm_current_6.19.0-rc1_xfce_desktop.img.xz	650090c1be25d1f5296c87e5bc0c00ab570a00f76625bdf84dacfafad7a5fb20	c8673931c96c23c510dd29a28440e77f0b03286f	6a9a29372b9ef64baaf790b24ccad2f3b4ba6940a6ddfa932ddd8bb08171a633
bpi-r4pro/bananapir4pro/current/jammy/minimal	整併候選	採用	/media/pi/SMCI/bpi/bananapi-release-c8673931c96c/bpi-r4pro/Armbian-unofficial_26.11.0-trunk_Bananapir4pro_jammy_current_6.19.0-rc1_minimal.img.xz	453d8d4c0576fd3acca365092236603e80c870202284b638cd6a4fa9bf2c09b5	c8673931c96c23c510dd29a28440e77f0b03286f	6a9a29372b9ef64baaf790b24ccad2f3b4ba6940a6ddfa932ddd8bb08171a633
bpi-r4pro/bananapir4pro/current/jammy/xfce	整併候選	採用	/media/pi/SMCI/bpi/bananapi-release-c8673931c96c/bpi-r4pro/Armbian-unofficial_26.11.0-trunk_Bananapir4pro_jammy_current_6.19.0-rc1_xfce_desktop.img.xz	6587ef4f6786d2568d505f9fb9512d5652389eae29e49e3c47a9be70bac97c7c	c8673931c96c23c510dd29a28440e77f0b03286f	6a9a29372b9ef64baaf790b24ccad2f3b4ba6940a6ddfa932ddd8bb08171a633
bpi-r4pro/bananapir4pro/current/noble/minimal	整併候選	採用	/media/pi/SMCI/bpi/bananapi-release-c8673931c96c/bpi-r4pro/Armbian-unofficial_26.11.0-trunk_Bananapir4pro_noble_current_6.19.0-rc1_minimal.img.xz	dae06f58a9fe165458c0c24b9716bb0d02efa4fb9d653c8f2d128757b90f1d1d	c8673931c96c23c510dd29a28440e77f0b03286f	6a9a29372b9ef64baaf790b24ccad2f3b4ba6940a6ddfa932ddd8bb08171a633
bpi-r4pro/bananapir4pro/current/noble/xfce	整併候選	採用	/media/pi/SMCI/bpi/bananapi-release-c8673931c96c/bpi-r4pro/Armbian-unofficial_26.11.0-trunk_Bananapir4pro_noble_current_6.19.0-rc1_xfce_desktop.img.xz	d6c53208cf0c4d5f7c3ccbb708ce23c09ac1e98c95e7ee9989ec6300d5e8c129	c8673931c96c23c510dd29a28440e77f0b03286f	6a9a29372b9ef64baaf790b24ccad2f3b4ba6940a6ddfa932ddd8bb08171a633
bpi-r4pro/bananapir4pro/current/resolute/minimal	整併候選	採用	/media/pi/SMCI/bpi/bananapi-release-c8673931c96c/bpi-r4pro/Armbian-unofficial_26.11.0-trunk_Bananapir4pro_resolute_current_6.19.0-rc1_minimal.img.xz	92c5b89ccb864591b4cab800d5fd7bef850042ad0ec20c0b45b48b4f2da89d6b	c8673931c96c23c510dd29a28440e77f0b03286f	6a9a29372b9ef64baaf790b24ccad2f3b4ba6940a6ddfa932ddd8bb08171a633
bpi-r4pro/bananapir4pro/current/resolute/xfce	整併候選	採用	/media/pi/SMCI/bpi/bananapi-release-c8673931c96c/bpi-r4pro/Armbian-unofficial_26.11.0-trunk_Bananapir4pro_resolute_current_6.19.0-rc1_xfce_desktop.img.xz	00f31031423c2b1933cd3f5f96bef71c113964ebdd1c9ab90303953ce9308f94	c8673931c96c23c510dd29a28440e77f0b03286f	6a9a29372b9ef64baaf790b24ccad2f3b4ba6940a6ddfa932ddd8bb08171a633
bpi-r4pro/bananapir4pro/current/trixie/minimal	整併候選	採用	/media/pi/SMCI/bpi/bananapi-release-c8673931c96c/bpi-r4pro/Armbian-unofficial_26.11.0-trunk_Bananapir4pro_trixie_current_6.19.0-rc1_minimal.img.xz	7cf7c09e9cf5544a7b5f9c523f3ab0df7574071b5bd5cb9c1fb625b487f95eff	c8673931c96c23c510dd29a28440e77f0b03286f	6a9a29372b9ef64baaf790b24ccad2f3b4ba6940a6ddfa932ddd8bb08171a633
bpi-r4pro/bananapir4pro/current/trixie/xfce	整併候選	採用	/media/pi/SMCI/bpi/bananapi-release-c8673931c96c/bpi-r4pro/Armbian-unofficial_26.11.0-trunk_Bananapir4pro_trixie_current_6.19.0-rc1_xfce_desktop.img.xz	a7a6c8f038c944598f9e9c803d7719e7532a3bd1c3abde25ad46a4974f581ae4	c8673931c96c23c510dd29a28440e77f0b03286f	6a9a29372b9ef64baaf790b24ccad2f3b4ba6940a6ddfa932ddd8bb08171a633
bpi-r64/bananapir64/current/bookworm/minimal	整併候選	採用	/media/pi/SMCI/bpi/bananapi-release-c8673931c96c/bpi-r64/Armbian-unofficial_26.11.0-trunk_Bananapir64_bookworm_current_6.12.82_minimal.img.xz	e196d5d710f86254866344f9505a2e4403734b2414474ff38e2c83a7705183f8	c8673931c96c23c510dd29a28440e77f0b03286f	6a9a29372b9ef64baaf790b24ccad2f3b4ba6940a6ddfa932ddd8bb08171a633
bpi-r64/bananapir64/current/bookworm/xfce	整併候選	採用	/media/pi/SMCI/bpi/bananapi-release-c8673931c96c/bpi-r64/Armbian-unofficial_26.11.0-trunk_Bananapir64_bookworm_current_6.12.82_xfce_desktop.img.xz	48b3b1caea2b876bd7ba0ef3ca1676f4ae19980583b6dd1a8e8a558830b716cd	c8673931c96c23c510dd29a28440e77f0b03286f	6a9a29372b9ef64baaf790b24ccad2f3b4ba6940a6ddfa932ddd8bb08171a633
bpi-r64/bananapir64/current/jammy/minimal	整併候選	採用	/media/pi/SMCI/bpi/bananapi-release-c8673931c96c/bpi-r64/Armbian-unofficial_26.11.0-trunk_Bananapir64_jammy_current_6.12.82_minimal.img.xz	0bad68aa6ea76c19071a6a249765795036496fd738f17085fb9a11811541fb75	c8673931c96c23c510dd29a28440e77f0b03286f	6a9a29372b9ef64baaf790b24ccad2f3b4ba6940a6ddfa932ddd8bb08171a633
bpi-r64/bananapir64/current/jammy/xfce	整併候選	採用	/media/pi/SMCI/bpi/bananapi-release-c8673931c96c/bpi-r64/Armbian-unofficial_26.11.0-trunk_Bananapir64_jammy_current_6.12.82_xfce_desktop.img.xz	8b8c3a4e3d988e79091c9c3c2e066337fe6429860c5ae2dbc50bd0a6a8c3aaf4	c8673931c96c23c510dd29a28440e77f0b03286f	6a9a29372b9ef64baaf790b24ccad2f3b4ba6940a6ddfa932ddd8bb08171a633
bpi-r64/bananapir64/current/noble/minimal	整併候選	採用	/media/pi/SMCI/bpi/bananapi-release-c8673931c96c/bpi-r64/Armbian-unofficial_26.11.0-trunk_Bananapir64_noble_current_6.12.82_minimal.img.xz	2b5c9fedc6a9093e2bcec2fca1cbe0171468978eb80f725d2fadd6dd5b4827a9	c8673931c96c23c510dd29a28440e77f0b03286f	6a9a29372b9ef64baaf790b24ccad2f3b4ba6940a6ddfa932ddd8bb08171a633
bpi-r64/bananapir64/current/noble/xfce	整併候選	採用	/media/pi/SMCI/bpi/bananapi-release-c8673931c96c/bpi-r64/Armbian-unofficial_26.11.0-trunk_Bananapir64_noble_current_6.12.82_xfce_desktop.img.xz	0284bb2ce97bcd0fa0f28c97c89ee0f3499aba5ebb5d803ea673af812fe5da79	c8673931c96c23c510dd29a28440e77f0b03286f	6a9a29372b9ef64baaf790b24ccad2f3b4ba6940a6ddfa932ddd8bb08171a633
bpi-r64/bananapir64/current/resolute/minimal	整併候選	採用	/media/pi/SMCI/bpi/bananapi-release-c8673931c96c/bpi-r64/Armbian-unofficial_26.11.0-trunk_Bananapir64_resolute_current_6.12.82_minimal.img.xz	c72e2f34e4ee595cc4967aecd1034498bf205d2beb00fc44a567cf61442e4d81	c8673931c96c23c510dd29a28440e77f0b03286f	6a9a29372b9ef64baaf790b24ccad2f3b4ba6940a6ddfa932ddd8bb08171a633
bpi-r64/bananapir64/current/resolute/xfce	整併候選	採用	/media/pi/SMCI/bpi/bananapi-release-c8673931c96c/bpi-r64/Armbian-unofficial_26.11.0-trunk_Bananapir64_resolute_current_6.12.82_xfce_desktop.img.xz	2e18de389abdd5f00620b68df37797d7c2aa97056cd5331c104985e65568666d	c8673931c96c23c510dd29a28440e77f0b03286f	6a9a29372b9ef64baaf790b24ccad2f3b4ba6940a6ddfa932ddd8bb08171a633
bpi-r64/bananapir64/current/trixie/minimal	整併候選	採用	/media/pi/SMCI/bpi/bananapi-release-c8673931c96c/bpi-r64/Armbian-unofficial_26.11.0-trunk_Bananapir64_trixie_current_6.12.82_minimal.img.xz	f02080e9d4702a2472027fed68e6b90f09d8524b8cae6f29ab0dbc8489f3462b	c8673931c96c23c510dd29a28440e77f0b03286f	6a9a29372b9ef64baaf790b24ccad2f3b4ba6940a6ddfa932ddd8bb08171a633
bpi-r64/bananapir64/current/trixie/xfce	整併候選	採用	/media/pi/SMCI/bpi/bananapi-release-c8673931c96c/bpi-r64/Armbian-unofficial_26.11.0-trunk_Bananapir64_trixie_current_6.12.82_xfce_desktop.img.xz	5e7ebddd03f277f35bd0bbac8b5664885e431e7ff2c6e258ef4e4f31a3932c52	c8673931c96c23c510dd29a28440e77f0b03286f	6a9a29372b9ef64baaf790b24ccad2f3b4ba6940a6ddfa932ddd8bb08171a633
bpi-sm10/bananapism10/current/jammy/minimal	整併候選	採用	/media/pi/SMCI/bpi/bananapi-release-c8673931c96c/bpi-sm10/Armbian-unofficial_26.11.0-trunk_Bananapism10_jammy_current_6.18.3_minimal.img.xz	f4bc5f902997f2e8229d101267f8fd15b32a140b757727d0865d529f01972525	c8673931c96c23c510dd29a28440e77f0b03286f	6a9a29372b9ef64baaf790b24ccad2f3b4ba6940a6ddfa932ddd8bb08171a633
bpi-sm10/bananapism10/current/jammy/xfce	整併候選	採用	/media/pi/SMCI/bpi/bananapi-release-c8673931c96c/bpi-sm10/Armbian-unofficial_26.11.0-trunk_Bananapism10_jammy_current_6.18.3_xfce_desktop.img.xz	2000d2bc56fd540c155a79cd18372f46dc88b25197b89b92846f99ab635adc7b	c8673931c96c23c510dd29a28440e77f0b03286f	6a9a29372b9ef64baaf790b24ccad2f3b4ba6940a6ddfa932ddd8bb08171a633
bpi-sm10/bananapism10/current/noble/minimal	整併候選	採用	/media/pi/SMCI/bpi/bananapi-release-c8673931c96c/bpi-sm10/Armbian-unofficial_26.11.0-trunk_Bananapism10_noble_current_6.18.3_minimal.img.xz	7cd21bccf2693d852db5d030c28235171ac745346b8d73ae7bed9b3c5a6e1264	c8673931c96c23c510dd29a28440e77f0b03286f	6a9a29372b9ef64baaf790b24ccad2f3b4ba6940a6ddfa932ddd8bb08171a633
bpi-sm10/bananapism10/current/noble/xfce	整併候選	採用	/media/pi/SMCI/bpi/bananapi-release-c8673931c96c/bpi-sm10/Armbian-unofficial_26.11.0-trunk_Bananapism10_noble_current_6.18.3_xfce_desktop.img.xz	bdaf3b3020880e52127e5ce5f8ff05bd775f4d099c3f0eff167eca7938bc27b6	c8673931c96c23c510dd29a28440e77f0b03286f	6a9a29372b9ef64baaf790b24ccad2f3b4ba6940a6ddfa932ddd8bb08171a633
bpi-sm10/bananapism10/current/resolute/minimal	整併候選	採用	/media/pi/SMCI/bpi/bananapi-release-c8673931c96c/bpi-sm10/Armbian-unofficial_26.11.0-trunk_Bananapism10_resolute_current_6.18.3_minimal.img.xz	8ceaaa3cbb1c954c4fdc96b90a588ff54a9376a013964f0b6cda8657627c025c	c8673931c96c23c510dd29a28440e77f0b03286f	6a9a29372b9ef64baaf790b24ccad2f3b4ba6940a6ddfa932ddd8bb08171a633
bpi-sm10/bananapism10/current/resolute/xfce	整併候選	採用	/media/pi/SMCI/bpi/bananapi-release-c8673931c96c/bpi-sm10/Armbian-unofficial_26.11.0-trunk_Bananapism10_resolute_current_6.18.3_xfce_desktop.img.xz	609012f8a254c820e66c8a41bb5d95819be4775712f5f073f13e50b30716e610	c8673931c96c23c510dd29a28440e77f0b03286f	6a9a29372b9ef64baaf790b24ccad2f3b4ba6940a6ddfa932ddd8bb08171a633
bpi-sm10/bananapism10/current/trixie/minimal	整併候選	採用	/media/pi/SMCI/bpi/bananapi-release-c8673931c96c/bpi-sm10/Armbian-unofficial_26.11.0-trunk_Bananapism10_trixie_current_6.18.3_minimal.img.xz	384cf80912c9da4db12f0561d91685286ce2af9191ba839f8d4d6e004447a599	c8673931c96c23c510dd29a28440e77f0b03286f	6a9a29372b9ef64baaf790b24ccad2f3b4ba6940a6ddfa932ddd8bb08171a633
bpi-sm10/bananapism10/current/trixie/xfce	整併候選	採用	/media/pi/SMCI/bpi/bananapi-release-c8673931c96c/bpi-sm10/Armbian-unofficial_26.11.0-trunk_Bananapism10_trixie_current_6.18.3_xfce_desktop.img.xz	87055357519ca40179805c80de30968ca06564e018322f2e84a26d8e2dfb6714	c8673931c96c23c510dd29a28440e77f0b03286f	6a9a29372b9ef64baaf790b24ccad2f3b4ba6940a6ddfa932ddd8bb08171a633
bpi-w2/bananapiw2/legacy/bookworm/minimal	整併候選	採用	/media/pi/SMCI/bpi/bananapi-release-c8673931c96c/bpi-w2/Armbian-unofficial_26.11.0-trunk_Bananapiw2_bookworm_legacy_4.9.119_minimal.img.xz	62f28cf07dba460ff08392a1ed1a3a8806f68d70d68806c6a033410c92c2f4b0	c8673931c96c23c510dd29a28440e77f0b03286f	6a9a29372b9ef64baaf790b24ccad2f3b4ba6940a6ddfa932ddd8bb08171a633
bpi-w2/bananapiw2/legacy/bookworm/xfce	整併候選	採用	/media/pi/SMCI/bpi/bananapi-release-c8673931c96c/bpi-w2/Armbian-unofficial_26.11.0-trunk_Bananapiw2_bookworm_legacy_4.9.119_xfce_desktop.img.xz	dfc504ce1578c8a7772366ec9c2fc3f2d3a92f2f1c9929f4cf04f333fdbd178c	c8673931c96c23c510dd29a28440e77f0b03286f	6a9a29372b9ef64baaf790b24ccad2f3b4ba6940a6ddfa932ddd8bb08171a633
bpi-w2/bananapiw2/legacy/jammy/minimal	整併候選	採用	/media/pi/SMCI/bpi/bananapi-release-c8673931c96c/bpi-w2/Armbian-unofficial_26.11.0-trunk_Bananapiw2_jammy_legacy_4.9.119_minimal.img.xz	65cf26965bda68a92672c2adce281fe9856587eed5cb5a22e35f4b6132e3ab65	c8673931c96c23c510dd29a28440e77f0b03286f	6a9a29372b9ef64baaf790b24ccad2f3b4ba6940a6ddfa932ddd8bb08171a633
bpi-w2/bananapiw2/legacy/jammy/xfce	整併候選	採用	/media/pi/SMCI/bpi/bananapi-release-c8673931c96c/bpi-w2/Armbian-unofficial_26.11.0-trunk_Bananapiw2_jammy_legacy_4.9.119_xfce_desktop.img.xz	ec8b858dc92520bab2569acccfc071aa3afd17d21a965d8ef84d05940ccc0b62	c8673931c96c23c510dd29a28440e77f0b03286f	6a9a29372b9ef64baaf790b24ccad2f3b4ba6940a6ddfa932ddd8bb08171a633
bpi-w2/bananapiw2/legacy/noble/minimal	整併候選	採用	/media/pi/SMCI/bpi/bananapi-release-c8673931c96c/bpi-w2/Armbian-unofficial_26.11.0-trunk_Bananapiw2_noble_legacy_4.9.119_minimal.img.xz	a43bd868ea2f5bbe96b8be152b10f5586220c9e99cad0abeb718d2e10ea4aa05	c8673931c96c23c510dd29a28440e77f0b03286f	6a9a29372b9ef64baaf790b24ccad2f3b4ba6940a6ddfa932ddd8bb08171a633
bpi-w2/bananapiw2/legacy/noble/xfce	整併候選	採用	/media/pi/SMCI/bpi/bananapi-release-c8673931c96c/bpi-w2/Armbian-unofficial_26.11.0-trunk_Bananapiw2_noble_legacy_4.9.119_xfce_desktop.img.xz	139f0727654f08ca0341f3e1ab345ad5cf51adef948b2e78fde615f88ed18c7e	c8673931c96c23c510dd29a28440e77f0b03286f	6a9a29372b9ef64baaf790b24ccad2f3b4ba6940a6ddfa932ddd8bb08171a633
bpi-w2/bananapiw2/legacy/resolute/minimal	整併候選	採用	/media/pi/SMCI/bpi/bananapi-release-c8673931c96c/bpi-w2/Armbian-unofficial_26.11.0-trunk_Bananapiw2_resolute_legacy_4.9.119_minimal.img.xz	09517d9d67e72154d50acc03e94fbceb43c8883f88a564663896396d57ab784b	c8673931c96c23c510dd29a28440e77f0b03286f	6a9a29372b9ef64baaf790b24ccad2f3b4ba6940a6ddfa932ddd8bb08171a633
bpi-w2/bananapiw2/legacy/resolute/xfce	整併候選	採用	/media/pi/SMCI/bpi/bananapi-release-c8673931c96c/bpi-w2/Armbian-unofficial_26.11.0-trunk_Bananapiw2_resolute_legacy_4.9.119_xfce_desktop.img.xz	a59b7579279c3f429e153c043db9e43a4721e9ad6e111e7033ea9a06d016f44c	c8673931c96c23c510dd29a28440e77f0b03286f	6a9a29372b9ef64baaf790b24ccad2f3b4ba6940a6ddfa932ddd8bb08171a633
bpi-w2/bananapiw2/legacy/trixie/minimal	整併候選	採用	/media/pi/SMCI/bpi/bananapi-release-c8673931c96c/bpi-w2/Armbian-unofficial_26.11.0-trunk_Bananapiw2_trixie_legacy_4.9.119_minimal.img.xz	8a61edeeb64748117ee364436c030b8383b97101981286a16b67d50c19e74052	c8673931c96c23c510dd29a28440e77f0b03286f	6a9a29372b9ef64baaf790b24ccad2f3b4ba6940a6ddfa932ddd8bb08171a633
bpi-w2/bananapiw2/legacy/trixie/xfce	整併候選	採用	/media/pi/SMCI/bpi/bananapi-release-c8673931c96c/bpi-w2/Armbian-unofficial_26.11.0-trunk_Bananapiw2_trixie_legacy_4.9.119_xfce_desktop.img.xz	ba4fde019ae2c3873aa681e5ffaa0eeae162b65da8547869fbe7bce593d5ce31	c8673931c96c23c510dd29a28440e77f0b03286f	6a9a29372b9ef64baaf790b24ccad2f3b4ba6940a6ddfa932ddd8bb08171a633
bpi-w3/bananapiw3/vendor/bookworm/minimal	整併候選	採用	/media/pi/SMCI/bpi/bananapi-release-c8673931c96c/bpi-w3/Armbian-unofficial_26.11.0-trunk_Bananapiw3_bookworm_vendor_6.1.115_minimal.img.xz	bb2820c6ee8a607c58cc740fe5d07c08d062a1d449c53b45e1c6bf10e0aa23b4	c8673931c96c23c510dd29a28440e77f0b03286f	6a9a29372b9ef64baaf790b24ccad2f3b4ba6940a6ddfa932ddd8bb08171a633
bpi-w3/bananapiw3/vendor/bookworm/xfce	整併候選	採用	/media/pi/SMCI/bpi/bananapi-release-c8673931c96c/bpi-w3/Armbian-unofficial_26.11.0-trunk_Bananapiw3_bookworm_vendor_6.1.115_xfce_desktop.img.xz	25de91005f8079b0882e861f9bf2d43ddec9896cc0c5c61fb1902acbce734e80	c8673931c96c23c510dd29a28440e77f0b03286f	6a9a29372b9ef64baaf790b24ccad2f3b4ba6940a6ddfa932ddd8bb08171a633
bpi-w3/bananapiw3/vendor/jammy/minimal	整併候選	採用	/media/pi/SMCI/bpi/bananapi-release-c8673931c96c/bpi-w3/Armbian-unofficial_26.11.0-trunk_Bananapiw3_jammy_vendor_6.1.115_minimal.img.xz	a392102b12e397d6d67bb023d031963e41f6f25c03f4262cc82be03f755259b9	c8673931c96c23c510dd29a28440e77f0b03286f	6a9a29372b9ef64baaf790b24ccad2f3b4ba6940a6ddfa932ddd8bb08171a633
bpi-w3/bananapiw3/vendor/jammy/xfce	整併候選	採用	/media/pi/SMCI/bpi/bananapi-release-c8673931c96c/bpi-w3/Armbian-unofficial_26.11.0-trunk_Bananapiw3_jammy_vendor_6.1.115_xfce_desktop.img.xz	0ef692722888c2b64ad0cdcc8886d2854f174029650b1d356b644f7a58e5b106	c8673931c96c23c510dd29a28440e77f0b03286f	6a9a29372b9ef64baaf790b24ccad2f3b4ba6940a6ddfa932ddd8bb08171a633
bpi-w3/bananapiw3/vendor/noble/minimal	整併候選	採用	/media/pi/SMCI/bpi/bananapi-release-c8673931c96c/bpi-w3/Armbian-unofficial_26.11.0-trunk_Bananapiw3_noble_vendor_6.1.115_minimal.img.xz	9aa3ca845f7d251a1a5a9b45a43628eb08b8705369ca15763027258d0bdf913f	c8673931c96c23c510dd29a28440e77f0b03286f	6a9a29372b9ef64baaf790b24ccad2f3b4ba6940a6ddfa932ddd8bb08171a633
bpi-w3/bananapiw3/vendor/noble/xfce	整併候選	採用	/media/pi/SMCI/bpi/bananapi-release-c8673931c96c/bpi-w3/Armbian-unofficial_26.11.0-trunk_Bananapiw3_noble_vendor_6.1.115_xfce_desktop.img.xz	e51d421ed61c22768b4961d5906c7406aa1ce56ff5cee35fd2977b3f9376e404	c8673931c96c23c510dd29a28440e77f0b03286f	6a9a29372b9ef64baaf790b24ccad2f3b4ba6940a6ddfa932ddd8bb08171a633
bpi-w3/bananapiw3/vendor/resolute/minimal	整併候選	採用	/media/pi/SMCI/bpi/bananapi-release-c8673931c96c/bpi-w3/Armbian-unofficial_26.11.0-trunk_Bananapiw3_resolute_vendor_6.1.115_minimal.img.xz	b5fe8fc6a3635d8559bc481eb0212a7978a8abca7386c01e3d0c17e5e8d578ca	c8673931c96c23c510dd29a28440e77f0b03286f	6a9a29372b9ef64baaf790b24ccad2f3b4ba6940a6ddfa932ddd8bb08171a633
bpi-w3/bananapiw3/vendor/resolute/xfce	整併候選	採用	/media/pi/SMCI/bpi/bananapi-release-c8673931c96c/bpi-w3/Armbian-unofficial_26.11.0-trunk_Bananapiw3_resolute_vendor_6.1.115_xfce_desktop.img.xz	9dce3c1c9071432cd1249ac3126430bfbcc432dbe1fb6368b7e953470e3bf78e	c8673931c96c23c510dd29a28440e77f0b03286f	6a9a29372b9ef64baaf790b24ccad2f3b4ba6940a6ddfa932ddd8bb08171a633
bpi-w3/bananapiw3/vendor/trixie/minimal	整併候選	採用	/media/pi/SMCI/bpi/bananapi-release-c8673931c96c/bpi-w3/Armbian-unofficial_26.11.0-trunk_Bananapiw3_trixie_vendor_6.1.115_minimal.img.xz	015de71fdf193606c5d9cf4cb0d93465db23b4456dafe547ab3e73ffc9921625	c8673931c96c23c510dd29a28440e77f0b03286f	6a9a29372b9ef64baaf790b24ccad2f3b4ba6940a6ddfa932ddd8bb08171a633
bpi-w3/bananapiw3/vendor/trixie/xfce	整併候選	採用	/media/pi/SMCI/bpi/bananapi-release-c8673931c96c/bpi-w3/Armbian-unofficial_26.11.0-trunk_Bananapiw3_trixie_vendor_6.1.115_xfce_desktop.img.xz	b7ccdf3a3f2c00cb362b57b27166b00a98320c420e4af10afc78284c36fa7a47	c8673931c96c23c510dd29a28440e77f0b03286f	6a9a29372b9ef64baaf790b24ccad2f3b4ba6940a6ddfa932ddd8bb08171a633
